itm_no_item|INVALID ITEM
itm_no_item_pl|INVALID ITEM
itm_tutorial_spear|Spear
itm_tutorial_spear_pl|Spear
itm_tutorial_club|Club
itm_tutorial_club_pl|Club
itm_tutorial_battle_axe|Battle Axe
itm_tutorial_battle_axe_pl|Battle Axe
itm_tutorial_arrows|Arrows
itm_tutorial_arrows_pl|Arrows
itm_tutorial_bolts|Bolts
itm_tutorial_bolts_pl|Bolts
itm_tutorial_short_bow|Short Bow
itm_tutorial_short_bow_pl|Short Bow
itm_tutorial_crossbow|Crossbow
itm_tutorial_crossbow_pl|Crossbow
itm_tutorial_throwing_daggers|Throwing Daggers
itm_tutorial_throwing_daggers_pl|Throwing Daggers
itm_tutorial_saddle_horse|Saddle Horse
itm_tutorial_saddle_horse_pl|Saddle Horse
itm_tutorial_shield|Kite Shield
itm_tutorial_shield_pl|Kite Shield
itm_tutorial_staff_no_attack|Staff
itm_tutorial_staff_no_attack_pl|Staff
itm_tutorial_staff|Staff
itm_tutorial_staff_pl|Staff
itm_tutorial_sword|Sword
itm_tutorial_sword_pl|Sword
itm_tutorial_axe|Axe
itm_tutorial_axe_pl|Axe
itm_tutorial_dagger|Dagger
itm_tutorial_dagger_pl|Dagger
itm_horse_meat|Horse Meat
itm_horse_meat_pl|Horse Meat
itm_practice_lance|Tourney Lance
itm_practice_lance_pl|Tourney Lance
itm_practice_axe|Blunt Tourney Axe
itm_practice_axe_pl|Blunt Tourney Axe
itm_practice_dagger|Blunt Tourney Mace
itm_practice_dagger_pl|Blunt Tourney Mace
itm_practice_staff|Blunt Tourney Sword
itm_practice_staff_pl|Blunt Tourney Sword
itm_practice_sword|Blunt Tourney Sword
itm_practice_sword_pl|Blunt Tourney Sword
itm_practice_sword_heavy|Blunt Tourney Mace
itm_practice_sword_heavy_pl|Blunt Tourney Mace
itm_practice_arrows|Blunt Tourney Sword
itm_practice_arrows_pl|Blunt Tourney Sword
itm_practice_arrows_10_amount|Blunt Tourney Sword
itm_practice_arrows_10_amount_pl|Blunt Tourney Sword
itm_practice_arrows_100_amount|Blunt Tourney Sword
itm_practice_arrows_100_amount_pl|Blunt Tourney Sword
itm_practice_bolts|Blunt Tourney Sword
itm_practice_bolts_pl|Blunt Tourney Sword
itm_practice_bolts_9_amount|Blunt Tourney Mace
itm_practice_bolts_9_amount_pl|Blunt Tourney Mace
itm_practice_bow|Tourney Lance
itm_practice_bow_pl|Tourney Lance
itm_practice_crossbow|Tourney Lance
itm_practice_crossbow_pl|Tourney Lance
itm_practice_javelin|Tourney Lance
itm_practice_javelin_pl|Tourney Lance
itm_practice_javelin_melee|Tourney Lance
itm_practice_javelin_melee_pl|Tourney Lance
itm_practice_throwing_daggers|Blunt Tourney Mace
itm_practice_throwing_daggers_pl|Blunt Tourney Mace
itm_practice_throwing_daggers_100_amount|Blunt Tourney Mace
itm_practice_throwing_daggers_100_amount_pl|Blunt Tourney Mace
itm_practice_boots|Practice Boots
itm_practice_boots_pl|Practice Boots
itm_practice_horse|Practice Horse
itm_practice_horse_pl|Practice Horse
itm_practice_shield|Practice Shield
itm_practice_shield_pl|Practice Shield
itm_book_tactics|A Compendium on the Blackfyre Rebellions
itm_book_tactics_pl|A Compendium on the Blackfyre Rebellions
itm_book_persuasion|The Conquest of Dorne
itm_book_persuasion_pl|The Conquest of Dorne
itm_book_leadership|Life of Aegon the Conqueror
itm_book_leadership_pl|Life of Aegon the Conqueror
itm_book_intelligence|Essay on Logic by Grand Maester Gerardys
itm_book_intelligence_pl|Essay on Logic by Grand Maester Gerardys
itm_book_trade|A History of the Iron Bank of Braavos
itm_book_trade_pl|A History of the Iron Bank of Braavos
itm_book_weapon_mastery|On the Art of Fighting with Swords
itm_book_weapon_mastery_pl|On the Art of Fighting with Swords
itm_book_engineering|The War of Volantene Aggression
itm_book_engineering_pl|The War of Volantene Aggression
itm_book_necronomicon|The Great Book of Magic
itm_book_necronomicon_pl|The Great Book of Magic
itm_book_bible|The Seven-Pointed Star
itm_book_bible_pl|The Seven-Pointed Star
itm_book_prisoner_management|The Diary of Gralmaq mo Eraz
itm_book_prisoner_management_pl|The Diary of Gralmaq mo Eraz
itm_book_spotting_reference|Wonders Made by Man
itm_book_spotting_reference_pl|Wonders Made by Man
itm_book_first_aid_reference|A Short Treatise on the Great Spring Sickness
itm_book_first_aid_reference_pl|A Short Treatise on the Great Spring Sickness
itm_book_pathfinding_reference|Map of the Known World
itm_book_pathfinding_reference_pl|Map of the Known World
itm_book_wound_treatment_reference|The Book of Healing
itm_book_wound_treatment_reference_pl|The Book of Healing
itm_book_training_reference|On the Unsullied
itm_book_training_reference_pl|On the Unsullied
itm_book_surgery_reference|On the Citadel and Surgery
itm_book_surgery_reference_pl|On the Citadel and Surgery
itm_book_trade_ledger|Merchant's Ledger
itm_book_trade_ledger_pl|Merchant's Ledger
itm_trade_spice|Jar of Spices
itm_trade_spice_pl|Jar of Spices
itm_trade_salt|Bag of Salt
itm_trade_salt_pl|Bag of Salt
itm_trade_oil|Jar of Oil
itm_trade_oil_pl|Jar of Oil
itm_trade_pottery|Pottery
itm_trade_pottery_pl|Pottery
itm_trade_raw_flax|Flax Bundle
itm_trade_raw_flax_pl|Flax Bundle
itm_trade_linen|Linen Bundle
itm_trade_linen_pl|Linen Bundle
itm_trade_wool|Bag of Raw Wool
itm_trade_wool_pl|Bag of Raw Wool
itm_trade_wool_cloth|Wool Cloth
itm_trade_wool_cloth_pl|Wool Cloth
itm_trade_raw_silk|Raw Silk
itm_trade_raw_silk_pl|Raw Silk
itm_trade_raw_dyes|Bowl of Dyes
itm_trade_raw_dyes_pl|Bowl of Dyes
itm_trade_velvet|Velvet Bundle
itm_trade_velvet_pl|Velvet Bundle
itm_trade_iron|Iron Bar
itm_trade_iron_pl|Iron Bar
itm_trade_tools|Tools
itm_trade_tools_pl|Tools
itm_trade_raw_leather|Hides
itm_trade_raw_leather_pl|Hides
itm_trade_leatherwork|Leatherwork
itm_trade_leatherwork_pl|Leatherwork
itm_trade_raw_date_fruit|Date Fruit
itm_trade_raw_date_fruit_pl|Date Fruit
itm_trade_furs|Fur Bundle
itm_trade_furs_pl|Fur Bundle
itm_trade_wine|Jar of Wine
itm_trade_wine_pl|Jar of Wine
itm_trade_ale|Barrel of Ale
itm_trade_ale_pl|Barrel of Ale
itm_market_gold_chalice|Gold Chalice
itm_market_gold_chalice_pl|Gold Chalice
itm_market_dornish_wine|Crate of Dornish Wine
itm_market_dornish_wine_pl|Crate of Dornish Wine
itm_market_arbor_red|Jar of Arbor Wine
itm_market_arbor_red_pl|Jar of Arbor Wine
itm_market_candles|Candles
itm_market_candles_pl|Candles
itm_market_pumpkins|Pumpkin
itm_market_pumpkins_pl|Pumpkin
itm_market_lead|Lead Ingot
itm_market_lead_pl|Lead Ingot
itm_market_tin|Tin Ingot
itm_market_tin_pl|Tin Ingot
itm_market_coal|Crate of Coal
itm_market_coal_pl|Crate of Coal
itm_market_silver_chalice|Silver Chalice
itm_market_silver_chalice_pl|Silver Chalice
itm_market_pentoshi_wine|Jar of Pentoshi Wine
itm_market_pentoshi_wine_pl|Jar of Pentoshi Wine
itm_market_lyseni_wine|Jar of Lyseni Wine
itm_market_lyseni_wine_pl|Jar of Lyseni Wine
itm_market_qohorik_carpets|Qohorik Carpets
itm_market_qohorik_carpets_pl|Qohorik Carpets
itm_market_bronzewood|Bronzewood
itm_market_bronzewood_pl|Bronzewood
itm_market_myrish_carpets|Myrish Carpets
itm_market_myrish_carpets_pl|Myrish Carpets
itm_market_tyroshi_pear_brandy|Bottle of Tyroshi Pear Brandy
itm_market_tyroshi_pear_brandy_pl|Bottle of Tyroshi Pear Brandy
itm_market_volantene_wine|Bottle of Volantene Wine
itm_market_volantene_wine_pl|Bottle of Volantene Wine
itm_market_ironwood|Ironwood
itm_market_ironwood_pl|Ironwood
itm_market_persimmon_wine|Bottle of Persimmon Wine
itm_market_persimmon_wine_pl|Bottle of Persimmon Wine
itm_market_perfume|Bottle of Perfume
itm_market_perfume_pl|Bottle of Perfume
itm_trade_smoked_fish|Smoked Fish
itm_trade_smoked_fish_pl|Smoked Fish
itm_market_lemon_basket|Basket of Lemons
itm_market_lemon_basket_pl|Basket of Lemons
itm_market_plum_basket|Basket of Plums
itm_market_plum_basket_pl|Basket of Plums
itm_market_pear_basket|Basket of Pears
itm_market_pear_basket_pl|Basket of Pears
itm_market_apple_basket|Basket of Apples
itm_market_apple_basket_pl|Basket of Apples
itm_trade_cheese|Cheese
itm_trade_cheese_pl|Cheese
itm_trade_honey|Jar of Honey
itm_trade_honey_pl|Jar of Honey
itm_trade_sausages|Sausages
itm_trade_sausages_pl|Sausages
itm_trade_cabbages|Cabbages
itm_trade_cabbages_pl|Cabbages
itm_trade_dried_meat|Dried Meat
itm_trade_dried_meat_pl|Dried Meat
itm_trade_apples|Basket of Fruit
itm_trade_apples_pl|Basket of Fruit
itm_trade_raw_grapes|Grapes
itm_trade_raw_grapes_pl|Grapes
itm_trade_raw_olives|Olives
itm_trade_raw_olives_pl|Olives
itm_trade_grain|Bag of Grain
itm_trade_grain_pl|Bag of Grain
itm_trade_cattle_meat|Beef
itm_trade_cattle_meat_pl|Beef
itm_trade_bread|Bread
itm_trade_bread_pl|Bread
itm_trade_chicken|Chicken
itm_trade_chicken_pl|Chicken
itm_trade_pork|Pork
itm_trade_pork_pl|Pork
itm_trade_butter|Jar of Butter
itm_trade_butter_pl|Jar of Butter
itm_trade_dummy01|Dummy item 1
itm_trade_dummy01_pl|Dummy item 1
itm_trade_dummy02|Dummy item 2
itm_trade_dummy02_pl|Dummy item 2
itm_trade_dummy03|Dummy item 3
itm_trade_dummy03_pl|Dummy item 3
itm_trade_dummy04|Dummy item 4
itm_trade_dummy04_pl|Dummy item 4
itm_trade_dummy05|Dummy item 5
itm_trade_dummy05_pl|Dummy item 5
itm_trade_dummy06|Dummy item 6
itm_trade_dummy06_pl|Dummy item 6
itm_trade_dummy07|Dummy item 7
itm_trade_dummy07_pl|Dummy item 7
itm_trade_dummy08|Dummy item 8
itm_trade_dummy08_pl|Dummy item 8
itm_trade_dummy09|Dummy item 9
itm_trade_dummy09_pl|Dummy item 9
itm_trade_dummy10|Dummy item 10
itm_trade_dummy10_pl|Dummy item 10
itm_trade_dummy11|Dummy item 11
itm_trade_dummy11_pl|Dummy item 11
itm_trade_dummy12|Dummy item 12
itm_trade_dummy12_pl|Dummy item 12
itm_trade_dummy13|Dummy item 13
itm_trade_dummy13_pl|Dummy item 13
itm_trade_dummy14|Dummy item 14
itm_trade_dummy14_pl|Dummy item 14
itm_trade_dummy15|Dummy item 15
itm_trade_dummy15_pl|Dummy item 15
itm_trade_dummy16|Dummy item 16
itm_trade_dummy16_pl|Dummy item 16
itm_trade_dummy17|Dummy item 17
itm_trade_dummy17_pl|Dummy item 17
itm_trade_dummy18|Dummy item 18
itm_trade_dummy18_pl|Dummy item 18
itm_trade_dummy19|Dummy item 19
itm_trade_dummy19_pl|Dummy item 19
itm_trade_dummy20|Dummy item 20
itm_trade_dummy20_pl|Dummy item 20
itm_dragon_coin|Gold Dragon
itm_dragon_coin_pl|Gold Dragon
itm_dragon_coin_many|Gold Dragons
itm_dragon_coin_many_pl|Gold Dragons
itm_honor|Gold Honor
itm_honor_pl|Gold Honor
itm_honor_many|Gold Honors
itm_honor_many_pl|Gold Honors
itm_groat|Groat
itm_groat_pl|Groat
itm_groat_many|Groats
itm_groat_many_pl|Groats
itm_lumber|Lumber
itm_lumber_pl|Lumber
itm_ring_1|Gold Ring
itm_ring_1_pl|Gold Ring
itm_ring_2|Gold Ring
itm_ring_2_pl|Gold Ring
itm_ring_3|Gold Ring
itm_ring_3_pl|Gold Ring
itm_ring_4|Silver Ring
itm_ring_4_pl|Silver Ring
itm_ring_5|Silver Ring
itm_ring_5_pl|Silver Ring
itm_asshai_saffron|Saffron
itm_asshai_saffron_pl|Saffron
itm_asshai_myrrh|Myrrh
itm_asshai_myrrh_pl|Myrrh
itm_asshai_cinnamon|Cinnamon
itm_asshai_cinnamon_pl|Cinnamon
itm_qarth_saffron|Saffron
itm_qarth_saffron_pl|Saffron
itm_qarth_pepper|Pepper
itm_qarth_pepper_pl|Pepper
itm_qarth_cardamom|Cardamom
itm_qarth_cardamom_pl|Cardamom
itm_zamettar_nutmeg|Nutmeg
itm_zamettar_nutmeg_pl|Nutmeg
itm_zamettar_curry|Curry
itm_zamettar_curry_pl|Curry
itm_zamettar_anise|Anise
itm_zamettar_anise_pl|Anise
itm_moraq_cloves|Cloves
itm_moraq_cloves_pl|Cloves
itm_moraq_spiceflower|Spiceflower
itm_moraq_spiceflower_pl|Spiceflower
itm_moraq_persimmon_seeds|Persimmon Seeds
itm_moraq_persimmon_seeds_pl|Persimmon Seeds
itm_mysterious_spices1|Mysterious Spices
itm_mysterious_spices1_pl|Mysterious Spices
itm_mysterious_spices2|Mysterious Spices
itm_mysterious_spices2_pl|Mysterious Spices
itm_mysterious_spices3|Mysterious Spices
itm_mysterious_spices3_pl|Mysterious Spices
itm_mysterious_sword1|Mysterious Sword
itm_mysterious_sword1_pl|Mysterious Sword
itm_mysterious_sword2|Mysterious Sword
itm_mysterious_sword2_pl|Mysterious Sword
itm_mysterious_sword3|Mysterious Sword
itm_mysterious_sword3_pl|Mysterious Sword
itm_credits_book|Book of Patrons
itm_credits_book_pl|Book of Patrons
itm_clifford_ring|Ruby Ring
itm_clifford_ring_pl|Ruby Ring
itm_clifford_letter|Ser Cliffords Letter
itm_clifford_letter_pl|Ser Cliffords Letter
itm_samol_book|Old Grimoire
itm_samol_book_pl|Old Grimoire
itm_samol_horn|Old Horn
itm_samol_horn_pl|Old Horn
itm_varys_npc_5_letter|Illyrios Letter
itm_varys_npc_5_letter_pl|Illyrios Letter
itm_varys_npc_8_letter|Allards Letter
itm_varys_npc_8_letter_pl|Allards Letter
itm_harodon_letter|Garibalds Letter
itm_harodon_letter_pl|Garibalds Letter
itm_illyrios_letter|Illyrios Letter
itm_illyrios_letter_pl|Illyrios Letter
itm_varys_npc_1_letter|Illyrios Letter
itm_varys_npc_1_letter_pl|Illyrios Letter
itm_varys_npc_2_letter|Rugens Letter
itm_varys_npc_2_letter_pl|Rugens Letter
itm_varys_npc_3_chest|Illyrios Chest
itm_varys_npc_3_chest_pl|Illyrios Chest
itm_barrel_of_pitch|Barrel of Pitch
itm_barrel_of_pitch_pl|Barrel of Pitch
itm_qohor_blacksmith_maester_letter|Maester Ryons Scroll
itm_qohor_blacksmith_maester_letter_pl|Maester Ryons Scroll
itm_yandels_illuminations|A World of Ice and Fire
itm_yandels_illuminations_pl|A World of Ice and Fire
itm_huge_ruby|Large Ruby
itm_huge_ruby_pl|Large Ruby
itm_carved_tusk|Carved Tusk
itm_carved_tusk_pl|Carved Tusk
itm_gold_goblet|Gold Goblet
itm_gold_goblet_pl|Gold Goblet
itm_gold_nugget|Gold Nugget
itm_gold_nugget_pl|Gold Nugget
itm_event_rabbit|Rabbit
itm_event_rabbit_pl|Rabbit
itm_siege_supply|Supplies
itm_siege_supply_pl|Supplies
itm_quest_wine|Local Wine
itm_quest_wine_pl|Local Wine
itm_quest_ale|Local Ale
itm_quest_ale_pl|Local Ale
itm_trial_destrier|Destrier
itm_trial_destrier_pl|Destrier
itm_stormlands_destrier|Destrier
itm_stormlands_destrier_pl|Destrier
itm_destrier_1|Destrier
itm_destrier_1_pl|Destrier
itm_destrier_2|Destrier
itm_destrier_2_pl|Destrier
itm_destrier_3|Destrier
itm_destrier_3_pl|Destrier
itm_destrier_4|Destrier
itm_destrier_4_pl|Destrier
itm_ho_swa_saddle_black|Rounsey
itm_ho_swa_saddle_black_pl|Rounsey
itm_rounsey_2|Rounsey
itm_rounsey_2_pl|Rounsey
itm_palfrey_1|Palfrey
itm_palfrey_1_pl|Palfrey
itm_palfrey_2|Palfrey
itm_palfrey_2_pl|Palfrey
itm_courser_1|Courser
itm_courser_1_pl|Courser
itm_courser_2|Courser
itm_courser_2_pl|Courser
itm_courser_3|Courser
itm_courser_3_pl|Courser
itm_garron_1|Garron
itm_garron_1_pl|Garron
itm_garron_2|Garron
itm_garron_2_pl|Garron
itm_horse_light_a|Dothraki Courser
itm_horse_light_a_pl|Dothraki Courser
itm_horse_light_b|Dothraki Courser
itm_horse_light_b_pl|Dothraki Courser
itm_horse_light_c|Dothraki Courser
itm_horse_light_c_pl|Dothraki Courser
itm_andal_destrier|Destrier
itm_andal_destrier_pl|Destrier
itm_plate_warhorse_1|Plated Warhorse
itm_plate_warhorse_1_pl|Plated Warhorse
itm_plate_warhorse_2|Plated Warhorse
itm_plate_warhorse_2_pl|Plated Warhorse
itm_plate_warhorse_3|Plated Warhorse
itm_plate_warhorse_3_pl|Plated Warhorse
itm_andal_cataphract|Cataphract Warhorse
itm_andal_cataphract_pl|Cataphract Warhorse
itm_chain_mail_horse|Mailed Destrier
itm_chain_mail_horse_pl|Mailed Destrier
itm_rhoynar_cataphract|Dothraki Cataphract Warhorse
itm_rhoynar_cataphract_pl|Dothraki Cataphract Warhorse
itm_dornish_sand_steed_1|Dornish Sand Steed
itm_dornish_sand_steed_1_pl|Dornish Sand Steed
itm_dornish_sand_steed_2|Dornish Sand Steed
itm_dornish_sand_steed_2_pl|Dornish Sand Steed
itm_donkey|Donkey
itm_donkey_pl|Donkey
itm_ho_nor_mule|Mule
itm_ho_nor_mule_pl|Mule
itm_ho_sar_camel_bactrian|Camel
itm_ho_sar_camel_bactrian_pl|Camel
itm_we_swa_axe_hatchet|Hatchet
itm_we_swa_axe_hatchet_pl|Hatchet
itm_we_swa_axe_voulge|Pole Cleaver
itm_we_swa_axe_voulge_pl|Pole Cleaver
itm_we_vae_axe_bardiche|Long Poleaxe
itm_we_vae_axe_bardiche_pl|Long Poleaxe
itm_we_vae_blunt_club|Club
itm_we_vae_blunt_club_pl|Club
itm_we_swa_blunt_club_long|Long Spiked Club
itm_we_swa_blunt_club_long_pl|Long Spiked Club
itm_we_vae_blunt_maul|Maul
itm_we_vae_blunt_maul_pl|Maul
itm_we_vae_blunt_sledgehammer|Sledgehammer
itm_we_vae_blunt_sledgehammer_pl|Sledgehammer
itm_we_swa_spear_glaive_small|Small Glaive
itm_we_swa_spear_glaive_small_pl|Small Glaive
itm_we_swa_spear_glaive|Glaive
itm_we_swa_spear_glaive_pl|Glaive
itm_we_swa_spear_bill_english|Bill
itm_we_swa_spear_bill_english_pl|Bill
itm_we_vae_spear_scythe|Scythe
itm_we_vae_spear_scythe_pl|Scythe
itm_we_vae_spear_scythe_shortened|Shortened Military Scythe
itm_we_vae_spear_scythe_shortened_pl|Shortened Military Scythe
itm_we_vae_spear_polehammer|Light Spear
itm_we_vae_spear_polehammer_pl|Light Spear
itm_heavy_spear_1|Heavy Spear
itm_heavy_spear_1_pl|Heavy Spear
itm_heavy_spear_2|Heavy Spear
itm_heavy_spear_2_pl|Heavy Spear
itm_heavy_spear_3|Heavy Spear
itm_heavy_spear_3_pl|Heavy Spear
itm_dornish_spear_feathers|Heavy Spear
itm_dornish_spear_feathers_pl|Heavy Spear
itm_dornish_heavy_spear|Heavy Spear
itm_dornish_heavy_spear_pl|Heavy Spear
itm_we_rho_spear_fork_pitch|Pitch Fork
itm_we_rho_spear_fork_pitch_pl|Pitch Fork
itm_we_rho_spear_fork_military|Military Fork
itm_we_rho_spear_fork_military_pl|Military Fork
itm_we_rho_spear_fork_battle|Battle Fork
itm_we_rho_spear_fork_battle_pl|Battle Fork
itm_we_sar_spear_staff|Staff
itm_we_sar_spear_staff_pl|Staff
itm_we_sar_spear_staff_quarter|Quarter Staff
itm_we_sar_spear_staff_quarter_pl|Quarter Staff
itm_we_sar_spear_staff_iron|Iron Staff
itm_we_sar_spear_staff_iron_pl|Iron Staff
itm_we_sar_spear_lance|Hooked Glaive
itm_we_sar_spear_lance_pl|Hooked Glaive
itm_we_vae_sword_sickle|Sickle
itm_we_vae_sword_sickle_pl|Sickle
itm_we_vae_sword_cleaver_military|Military Cleaver
itm_we_vae_sword_cleaver_military_pl|Military Cleaver
itm_we_swa_sword_twohanded_claymore|Great Sword
itm_we_swa_sword_twohanded_claymore_pl|Great Sword
itm_gregors_great_sword|Gregors Great Sword
itm_gregors_great_sword_pl|Gregors Great Sword
itm_we_vae_sword_cleaverwar|War Cleaver
itm_we_vae_sword_cleaverwar_pl|War Cleaver
itm_we_khe_sword_sabre|Great Sword
itm_we_khe_sword_sabre_pl|Great Sword
itm_we_rho_sword_great|Great Sword
itm_we_rho_sword_great_pl|Great Sword
itm_we_pla_sword_great_four|Halberd
itm_we_pla_sword_great_four_pl|Halberd
itm_fi_halberd_2|Halberd
itm_fi_halberd_2_pl|Halberd
itm_fi_halberd_1|Halberd
itm_fi_halberd_1_pl|Halberd
itm_normal_arrows|Arrows
itm_normal_arrows_pl|Arrows
itm_arrow_f_big|Heavy Arrows
itm_arrow_f_big_pl|Heavy Arrows
itm_arrow_f_piece|Piercing Arrows
itm_arrow_f_piece_pl|Piercing Arrows
itm_arrow_f_slash|Heavy Arrows
itm_arrow_f_slash_pl|Heavy Arrows
itm_arrow_f_standard|Wildling Arrows
itm_arrow_f_standard_pl|Wildling Arrows
itm_arrow_f_dornish|Dornish Arrows
itm_arrow_f_dornish_pl|Dornish Arrows
itm_arrow_f_dothraki|Dothraki Arrows
itm_arrow_f_dothraki_pl|Dothraki Arrows
itm_bolt_f_simple|Bolts
itm_bolt_f_simple_pl|Bolts
itm_bolt_f_heavy|Piercing Bolts
itm_bolt_f_heavy_pl|Piercing Bolts
itm_bolt_f_slash|Heavy Bolts
itm_bolt_f_slash_pl|Heavy Bolts
itm_bolt_f_crippling|Crippling Bolts
itm_bolt_f_crippling_pl|Crippling Bolts
itm_bolt_f_piercing|Piercing Bolts
itm_bolt_f_piercing_pl|Piercing Bolts
itm_bolt_f_myrish|Myrish Bolts
itm_bolt_f_myrish_pl|Myrish Bolts
itm_bow_f_hunting_bow|Hunting Bow
itm_bow_f_hunting_bow_pl|Hunting Bow
itm_bow_f_simple|Short Bow
itm_bow_f_simple_pl|Short Bow
itm_bow_f_longbow_1|Longbow
itm_bow_f_longbow_1_pl|Longbow
itm_bow_f_longbow_2|Flatbow
itm_bow_f_longbow_2_pl|Flatbow
itm_bow_f_dothraki|Recurved Bow
itm_bow_f_dothraki_pl|Recurved Bow
itm_bow_f_dornish|Recurved Bow
itm_bow_f_dornish_pl|Recurved Bow
itm_bow_f_decorated_bow|Decorated Longbow
itm_bow_f_decorated_bow_pl|Decorated Longbow
itm_crossbow_f_simple_1|Hunting Crossbow
itm_crossbow_f_simple_1_pl|Hunting Crossbow
itm_crossbow_f_simple_2|Light Crossbow
itm_crossbow_f_simple_2_pl|Light Crossbow
itm_crossbow_f_medium|Crossbow
itm_crossbow_f_medium_pl|Crossbow
itm_crossbow_f_heavy|Heavy Crossbow
itm_crossbow_f_heavy_pl|Heavy Crossbow
itm_crossbow_f_myrish|Myrish Crossbow
itm_crossbow_f_myrish_pl|Myrish Crossbow
itm_we_khe_throw_stone|Stones
itm_we_khe_throw_stone_pl|Stones
itm_we_sar_spear_javelin|Javelins
itm_we_sar_spear_javelin_pl|Javelins
itm_we_sar_spear_javelin_melee|Short Spear
itm_we_sar_spear_javelin_melee_pl|Short Spear
itm_we_sar_spear_throwing_spears|Throwing Spears
itm_we_sar_spear_throwing_spears_pl|Throwing Spears
itm_we_sar_spear_throwing_spear_melee|Short Spear
itm_we_sar_spear_throwing_spear_melee_pl|Short Spear
itm_we_sar_spear_jarid|Jarids
itm_we_sar_spear_jarid_pl|Jarids
itm_we_sar_spear_jarid_melee|Short Spear
itm_we_sar_spear_jarid_melee_pl|Short Spear
itm_ar_vae_t7_elite_b|Heavy Lamellar Plate Armor
itm_ar_vae_t7_elite_b_pl|Heavy Lamellar Plate Armor
itm_ar_khe_t2_armor_a|Fur Armor
itm_ar_khe_t2_armor_a_pl|Fur Armor
itm_ar_khe_t6_tunic_a|Heavy Leather Armor
itm_ar_khe_t6_tunic_a_pl|Heavy Leather Armor
itm_ar_nor_t7_vikingbyrnie_a|Chain Mail Hauberk
itm_ar_nor_t7_vikingbyrnie_a_pl|Chain Mail Hauberk
itm_ar_rho_t4_highlander_a|Lamellar Armor
itm_ar_rho_t4_highlander_a_pl|Lamellar Armor
itm_ar_pla_t6_heraldic_a|Heraldic Heavy Plate Armor
itm_ar_pla_t6_heraldic_a_pl|Heraldic Heavy Plate Armor
itm_ar_swa_shi_linen|Light Robe
itm_ar_swa_shi_linen_pl|Light Robe
itm_ar_swa_tun_tabard|Cloth Tunic
itm_ar_swa_tun_tabard_pl|Cloth Tunic
itm_brown_robe|Light Robe
itm_brown_robe_pl|Light Robe
itm_ar_pla_pri_pilgrimdisguise|Disguise
itm_ar_pla_pri_pilgrimdisguise_pl|Disguise
itm_dress_general_bride|Bride Dress
itm_dress_general_bride_pl|Bride Dress
itm_bo_gen_t0_bride_shoes|Bride Shoes
itm_bo_gen_t0_bride_shoes_pl|Bride Shoes
itm_bo_swa_t4_sandal|Plated Shoes
itm_bo_swa_t4_sandal_pl|Plated Shoes
itm_bo_swa_t6_mail|Mail Greaves
itm_bo_swa_t6_mail_pl|Mail Greaves
itm_bo_vae_t2_shoes|Shoes
itm_bo_vae_t2_shoes_pl|Shoes
itm_bo_vae_t3_leather|Leather Boots
itm_bo_vae_t3_leather_pl|Leather Boots
itm_bo_vae_t4_shoes|Plated Leather Boots
itm_bo_vae_t4_shoes_pl|Plated Leather Boots
itm_bo_khe_t0_sandal|Mail Boots
itm_bo_khe_t0_sandal_pl|Mail Boots
itm_bo_khe_t2_boots|Leather Boots
itm_bo_khe_t2_boots_pl|Leather Boots
itm_bo_khe_t4_sandal|Leather Boots
itm_bo_khe_t4_sandal_pl|Leather Boots
itm_bo_khe_t6_mail|Plated Leather Boots
itm_bo_khe_t6_mail_pl|Plated Leather Boots
itm_bo_nor_t2_shoes|Leather Boots
itm_bo_nor_t2_shoes_pl|Leather Boots
itm_bo_rho_t3_highlander|Fur Boots
itm_bo_rho_t3_highlander_pl|Fur Boots
itm_bo_rho_t4_greaves|Plated Leather Boots
itm_bo_rho_t4_greaves_pl|Plated Leather Boots
itm_bo_rho_t5_greaves|Mail Greaves
itm_bo_rho_t5_greaves_pl|Mail Greaves
itm_bo_sar_t4_camel|Shoes
itm_bo_sar_t4_camel_pl|Shoes
itm_bo_sar_t6_mail|Shoes
itm_bo_sar_t6_mail_pl|Shoes
itm_bo_sar_t7_greaves|Shoes
itm_bo_sar_t7_greaves_pl|Shoes
itm_bo_pla_str_samurai|Shoes
itm_bo_pla_str_samurai_pl|Shoes
itm_bo_pla_t1_priest|Leather Boots
itm_bo_pla_t1_priest_pl|Leather Boots
itm_bo_pla_t2_ankle|Leather Boots
itm_bo_pla_t2_ankle_pl|Leather Boots
itm_bo_pla_t5_highlander|Mail Boots
itm_bo_pla_t5_highlander_pl|Mail Boots
itm_bo_pla_t7_greaves|Plate Boots
itm_bo_pla_t7_greaves_pl|Plate Boots
itm_ga_swa_a4_plate|Plate Gauntlets
itm_ga_swa_a4_plate_pl|Plate Gauntlets
itm_ga_swa_a6_plate|Plate Gauntlets
itm_ga_swa_a6_plate_pl|Plate Gauntlets
itm_ga_vae_a5_mail|Mail Gauntlets
itm_ga_vae_a5_mail_pl|Mail Gauntlets
itm_ga_vae_a6_black|Plate Gauntlets
itm_ga_vae_a6_black_pl|Plate Gauntlets
itm_ga_khe_a5_armor|Lamellar Gloves
itm_ga_khe_a5_armor_pl|Lamellar Gloves
itm_ga_khe_a6_lamellar|Lamellar Gloves
itm_ga_khe_a6_lamellar_pl|Lamellar Gloves
itm_ga_rho_a2_leather|Leather Gloves
itm_ga_rho_a2_leather_pl|Leather Gloves
itm_ga_rho_a5_bnw|Plate Gauntlets
itm_ga_rho_a5_bnw_pl|Plate Gauntlets
itm_ga_rho_a6_hourglass|Plate Gauntlets
itm_ga_rho_a6_hourglass_pl|Plate Gauntlets
itm_ga_pla_a5_iron|Plate Gauntlets
itm_ga_pla_a5_iron_pl|Plate Gauntlets
itm_he_gen_lad_bride_crown|Lady Headcloth
itm_he_gen_lad_bride_crown_pl|Lady Headcloth
itm_he_swa_lad_common_a|Headcloth
itm_he_swa_lad_common_a_pl|Headcloth
itm_he_swa_t1_common_a|Hood
itm_he_swa_t1_common_a_pl|Hood
itm_he_swa_t1_noble_a|Headcloth
itm_he_swa_t1_noble_a_pl|Headcloth
itm_he_vae_lad_lady_a|Lady Headcloth
itm_he_vae_lad_lady_a_pl|Lady Headcloth
itm_he_vae_t1_common_a|Hat
itm_he_vae_t1_common_a_pl|Hat
itm_he_khe_lad_common_a|Leather Cap
itm_he_khe_lad_common_a_pl|Leather Cap
itm_he_nor_t1_common_a|Hat
itm_he_nor_t1_common_a_pl|Hat
itm_he_pla_pri_noel|Boar Helmet
itm_he_pla_pri_noel_pl|Boar Helmet
itm_he_swa_t2_coif_a|Padded Coif
itm_he_swa_t2_coif_a_pl|Padded Coif
itm_he_swa_t3_helmet_a|Goat Helmet
itm_he_swa_t3_helmet_a_pl|Goat Helmet
itm_he_vae_t6_warhelmet_a|Hat
itm_he_vae_t6_warhelmet_a_pl|Hat
itm_he_vae_t7_warmask_a|Great Helmet
itm_he_vae_t7_warmask_a_pl|Great Helmet
itm_he_vae_t7_warmask_b|Heavy Leather Cap
itm_he_vae_t7_warmask_b_pl|Heavy Leather Cap
itm_he_khe_t2_steppe_a|Leather Cap
itm_he_khe_t2_steppe_a_pl|Leather Cap
itm_he_khe_t3_steppe_a|Leather Cap
itm_he_khe_t3_steppe_a_pl|Leather Cap
itm_he_khe_t4_war_a|Hounskull Helmet
itm_he_khe_t4_war_a_pl|Hounskull Helmet
itm_he_khe_t5_neck_a|Great Helmet
itm_he_khe_t5_neck_a_pl|Great Helmet
itm_he_nor_t2_spangen_a|Nasal Helmet
itm_he_nor_t2_spangen_a_pl|Nasal Helmet
itm_he_nor_t3_valsgarde_a|Nasal Helmet
itm_he_nor_t3_valsgarde_a_pl|Nasal Helmet
itm_he_nor_t5_valsgarde_a|Top Helmet
itm_he_nor_t5_valsgarde_a_pl|Top Helmet
itm_he_rho_t2_beret_a|Leather Cap
itm_he_rho_t2_beret_a_pl|Leather Cap
itm_he_rho_t5_kettle_a|Nasal Helmet
itm_he_rho_t5_kettle_a_pl|Nasal Helmet
itm_he_pla_t7_gerulfingen|Armet
itm_he_pla_t7_gerulfingen_pl|Armet
itm_he_pla_t7_crusader_a|Sallet
itm_he_pla_t7_crusader_a_pl|Sallet
itm_he_pla_t7_crusader_b|Armet
itm_he_pla_t7_crusader_b_pl|Armet
itm_sh_swa_rou_bandit_a|Clansmans Shield
itm_sh_swa_rou_bandit_a_pl|Clansmans Shield
itm_sh_swa_hea_plain|Heater Shield
itm_sh_swa_hea_plain_pl|Heater Shield
itm_sh_swa_kit_horseman|Kite Shield
itm_sh_swa_kit_horseman_pl|Kite Shield
itm_sh_swa_hea_horseman|Heater Shield
itm_sh_swa_hea_horseman_pl|Heater Shield
itm_sh_vae_kit_old|Old Kite Shield
itm_sh_vae_kit_old_pl|Old Kite Shield
itm_sh_vae_kit_plain|Kite Shield
itm_sh_vae_kit_plain_pl|Kite Shield
itm_sh_vae_kit_heavy|Kite Shield
itm_sh_vae_kit_heavy_pl|Kite Shield
itm_sh_khe_rou_old|Old Round Shield
itm_sh_khe_rou_old_pl|Old Round Shield
itm_sh_khe_rou_plain|Plain Round Shield
itm_sh_khe_rou_plain_pl|Plain Round Shield
itm_sh_khe_rou_round|Round Shield
itm_sh_khe_rou_round_pl|Round Shield
itm_sh_khe_rou_heavy|Heavy Round Shield
itm_sh_khe_rou_heavy_pl|Heavy Round Shield
itm_sh_sar_rou_plain|Plain Round Shield
itm_sh_sar_rou_plain_pl|Plain Round Shield
itm_sh_sar_rou_round|Round Shield
itm_sh_sar_rou_round_pl|Round Shield
itm_sh_sar_rou_elite|Heavy Round Shield
itm_sh_sar_rou_elite_pl|Heavy Round Shield
itm_sh_sar_rou_mamluk|Elite Round Shield
itm_sh_sar_rou_mamluk_pl|Elite Round Shield
itm_sh_pla_pav_plain|Plain Pavise
itm_sh_pla_pav_plain_pl|Plain Pavise
itm_sh_pla_pav_heavy|Heavy Pavise
itm_sh_pla_pav_heavy_pl|Heavy Pavise
itm_sh_nor_rou_small_b|Round Shield
itm_sh_nor_rou_small_b_pl|Round Shield
itm_sh_nor_rou_medium_b|Round Shield
itm_sh_nor_rou_medium_b_pl|Round Shield
itm_sh_nor_rou_large_b|Round Shield
itm_sh_nor_rou_large_b_pl|Round Shield
itm_sh_rho_rou_bandit_a|Clansmans Shield
itm_sh_rho_rou_bandit_a_pl|Clansmans Shield
itm_heraldic_cuir_bouilli|Heraldic Heavy Leather Armor
itm_heraldic_cuir_bouilli_pl|Heraldic Heavy Leather Armor
itm_cor_herald|Heraldic Heavy Plate Armor
itm_cor_herald_pl|Heraldic Heavy Plate Armor
itm_heraldic_cozur_1|Heraldic Chain Mail Hauberk
itm_heraldic_cozur_1_pl|Heraldic Chain Mail Hauberk
itm_heraldic_cozur_2|Heraldic Chain Mail Hauberk
itm_heraldic_cozur_2_pl|Heraldic Chain Mail Hauberk
itm_brigandine_b_heraldic|Heraldic Chain Mail Hauberk
itm_brigandine_b_heraldic_pl|Heraldic Chain Mail Hauberk
itm_heraldic_tunic_new|Heraldic Chain Mail Hauberk
itm_heraldic_tunic_new_pl|Heraldic Chain Mail Hauberk
itm_munitionshelm2|Top Helmet
itm_munitionshelm2_pl|Top Helmet
itm_conichelm|Conical Helmet
itm_conichelm_pl|Conical Helmet
itm_munitionshelm1|Top Helmet
itm_munitionshelm1_pl|Top Helmet
itm_crownedhelm|Nasal Helmet with Crown
itm_crownedhelm_pl|Nasal Helmet with Crown
itm_chionite_hat_b|Hat
itm_chionite_hat_b_pl|Hat
itm_clansman_lamellar_1|Lamellar Armor
itm_clansman_lamellar_1_pl|Lamellar Armor
itm_clansman_lamellar_2|Lamellar Armor
itm_clansman_lamellar_2_pl|Lamellar Armor
itm_clansman_fur_armor_1|Heavy Fur Armor
itm_clansman_fur_armor_1_pl|Heavy Fur Armor
itm_clansman_fur_armor_2|Heavy Fur Armor
itm_clansman_fur_armor_2_pl|Heavy Fur Armor
itm_bigod_spurs|Plate Boots
itm_bigod_spurs_pl|Plate Boots
itm_brienne_spurs|Plate Boots
itm_brienne_spurs_pl|Plate Boots
itm_henryv_helm|Aegon Targaryens Crowned Great Helmet
itm_henryv_helm_pl|Aegon Targaryens Crowned Great Helmet
itm_longshanks_helm|Crowned Great Helmet
itm_longshanks_helm_pl|Crowned Great Helmet
itm_byz_helmet_a|Nasal Helmet
itm_byz_helmet_a_pl|Nasal Helmet
itm_archer_a|Cloth Tunic
itm_archer_a_pl|Cloth Tunic
itm_militia_tunic_a|Cloth Tunic
itm_militia_tunic_a_pl|Cloth Tunic
itm_peasant_b|Cloth Tunic
itm_peasant_b_pl|Cloth Tunic
itm_peasant_c|Cloth Tunic
itm_peasant_c_pl|Cloth Tunic
itm_peasant_man_b|Cloth Tunic
itm_peasant_man_b_pl|Cloth Tunic
itm_peasant_outfit_a|Cloth Tunic
itm_peasant_outfit_a_pl|Cloth Tunic
itm_flattop_a|Open Top Helmet
itm_flattop_a_pl|Open Top Helmet
itm_varangian_helmet|Cataphract Helmet
itm_varangian_helmet_pl|Cataphract Helmet
itm_andalusianskirmisher_armor|Heavy Leather Jerkin
itm_andalusianskirmisher_armor_pl|Heavy Leather Jerkin
itm_lit_segmented_helmet|Great Helmet
itm_lit_segmented_helmet_pl|Great Helmet
itm_mackie_bearded_axe|Two-Handed Axe
itm_mackie_bearded_axe_pl|Two-Handed Axe
itm_mackie_beefsplitter01|Peasants Beefsplitter
itm_mackie_beefsplitter01_pl|Peasants Beefsplitter
itm_mackie_beefsplitter02|Peasants Beefsplitter
itm_mackie_beefsplitter02_pl|Peasants Beefsplitter
itm_mackie_varangian_axe|One-Handed Axe
itm_mackie_varangian_axe_pl|One-Handed Axe
itm_mackie_voulge|Voulge
itm_mackie_voulge_pl|Voulge
itm_mackie_godenak|War Cleaver
itm_mackie_godenak_pl|War Cleaver
itm_mackie_morning_star_long|Long Hafted Spiked Mace
itm_mackie_morning_star_long_pl|Long Hafted Spiked Mace
itm_coif|Mail Coif
itm_coif_pl|Mail Coif
itm_kettlehatfacebyrnie|Kettle Hat
itm_kettlehatfacebyrnie_pl|Kettle Hat
itm_kettlehat2|Kettle Hat
itm_kettlehat2_pl|Kettle Hat
itm_col1_kettlehat1|Bascinet
itm_col1_kettlehat1_pl|Bascinet
itm_col1_kettlehat2|Bascinet
itm_col1_kettlehat2_pl|Bascinet
itm_byzantion|Kettle Hat
itm_byzantion_pl|Kettle Hat
itm_col1_byzantion|Kettle Hat
itm_col1_byzantion_pl|Kettle Hat
itm_aketon|Gambeson
itm_aketon_pl|Gambeson
itm_nomad_cap_b_new|Leather Cap
itm_nomad_cap_b_new_pl|Leather Cap
itm_black_khergit_armor_new|Fur Armor
itm_black_khergit_armor_new_pl|Fur Armor
itm_black_nomad_armor_new|Fur Armor
itm_black_nomad_armor_new_pl|Fur Armor
itm_dec_steel_shield|Round Silver Shield
itm_dec_steel_shield_pl|Round Silver Shield
itm_brass_mamluk_armor|Heavy Plate Armor
itm_brass_mamluk_armor_pl|Heavy Plate Armor
itm_militia_tunic_a2|Cloth Tunic
itm_militia_tunic_a2_pl|Cloth Tunic
itm_peasant_b2|Cloth Tunic
itm_peasant_b2_pl|Cloth Tunic
itm_peasant_c2|Cloth Tunic
itm_peasant_c2_pl|Cloth Tunic
itm_peasant_outfit_a2|Cloth Tunic
itm_peasant_outfit_a2_pl|Cloth Tunic
itm_norman_short_hauberk|Chain Mail Hauberk
itm_norman_short_hauberk_pl|Chain Mail Hauberk
itm_rough_padded_leather|Leather Jerkin
itm_rough_padded_leather_pl|Leather Jerkin
itm_surcoat_over_mail_swadian_f|Surcoat over Mail
itm_surcoat_over_mail_swadian_f_pl|Surcoat over Mail
itm_rathos_fluted_helmet|Conical Helmet
itm_rathos_fluted_helmet_pl|Conical Helmet
itm_inv_nikolskoe_helm|Cataphract Helmet
itm_inv_nikolskoe_helm_pl|Cataphract Helmet
itm_rus_cap|Hat
itm_rus_cap_pl|Hat
itm_rus_fur_hat|Hat
itm_rus_fur_hat_pl|Hat
itm_langsax|Long Knife
itm_langsax_pl|Long Knife
itm_saxon_cap|Hat
itm_saxon_cap_pl|Hat
itm_saxon_tunic_a|Cloth Tunic
itm_saxon_tunic_a_pl|Cloth Tunic
itm_crossbearer_cap|Septons Coif
itm_crossbearer_cap_pl|Septons Coif
itm_crossbearer|Septons Robe
itm_crossbearer_pl|Septons Robe
itm_red_priest|Red Priests Robe
itm_red_priest_pl|Red Priests Robe
itm_sonyer_saracen_2|Bascinet
itm_sonyer_saracen_2_pl|Bascinet
itm_leather_vest_brn|Leather Jerkin
itm_leather_vest_brn_pl|Leather Jerkin
itm_gambeson_trans|Gambeson
itm_gambeson_trans_pl|Gambeson
itm_onion_top_bascinet|Hounskull Helmet
itm_onion_top_bascinet_pl|Hounskull Helmet
itm_battered_plainhelm|Old Nasal Helmet
itm_battered_plainhelm_pl|Old Nasal Helmet
itm_wight_berserker_1|Wights Body
itm_wight_berserker_1_pl|Wights Body
itm_wight_berserker_2|Wights Body
itm_wight_berserker_2_pl|Wights Body
itm_wight_berserker_3|Wights Body
itm_wight_berserker_3_pl|Wights Body
itm_wight_fur_armor_1|Leather Armor
itm_wight_fur_armor_1_pl|Leather Armor
itm_wight_fur_armor_2|Heavy Fur Armor
itm_wight_fur_armor_2_pl|Heavy Fur Armor
itm_wight_face_1_1|Wight Head
itm_wight_face_1_1_pl|Wight Head
itm_wight_face_1_2|Wight Head
itm_wight_face_1_2_pl|Wight Head
itm_wight_face_1_3|Wight Head
itm_wight_face_1_3_pl|Wight Head
itm_wight_face_2_1|Wight Head
itm_wight_face_2_1_pl|Wight Head
itm_wight_face_2_2|Wight Head
itm_wight_face_2_2_pl|Wight Head
itm_wight_face_2_3|Wight Head
itm_wight_face_2_3_pl|Wight Head
itm_wight_face_helmet_1|Wight Helmet
itm_wight_face_helmet_1_pl|Wight Helmet
itm_wight_face_helmet_2|Wight Hat
itm_wight_face_helmet_2_pl|Wight Hat
itm_wight_face_helmet_3|Wight Hat
itm_wight_face_helmet_3_pl|Wight Hat
itm_wight_face_helmet_4|Wight Hat
itm_wight_face_helmet_4_pl|Wight Hat
itm_mace_knobbed|War Mace
itm_mace_knobbed_pl|War Mace
itm_mace_spiral|War Mace
itm_mace_spiral_pl|War Mace
itm_mackie_morning_star|Spiked Mace
itm_mackie_morning_star_pl|Spiked Mace
itm_kataphraktoi_2|Leather Jerkin
itm_kataphraktoi_2_pl|Leather Jerkin
itm_kataphraktoi_4|Chain Mail Hauberk
itm_kataphraktoi_4_pl|Chain Mail Hauberk
itm_kataphraktoi_5|Chain Mail Hauberk
itm_kataphraktoi_5_pl|Chain Mail Hauberk
itm_shortsword1|Short Sword
itm_shortsword1_pl|Short Sword
itm_sh_rho_pav_deploy_a|Heavy Lamellar Armor
itm_sh_rho_pav_deploy_a_pl|Heavy Lamellar Armor
itm_sh_rho_pav_deploy_e|Plate Boots
itm_sh_rho_pav_deploy_e_pl|Plate Boots
itm_sh_rho_pav_deploy_f|Plate Boots
itm_sh_rho_pav_deploy_f_pl|Plate Boots
itm_fi_tourney_helmet_2|Decorated Tournament Helmet
itm_fi_tourney_helmet_2_pl|Decorated Tournament Helmet
itm_fi_hood_1|Hood
itm_fi_hood_1_pl|Hood
itm_fi_hood_4|Leather Hood
itm_fi_hood_4_pl|Leather Hood
itm_fi_sallet_1|Sallet
itm_fi_sallet_1_pl|Sallet
itm_fi_sallet_2|Sallet
itm_fi_sallet_2_pl|Sallet
itm_fi_sallet_3|Open Sallet
itm_fi_sallet_3_pl|Open Sallet
itm_fi_great_bascinet|Great Helmet
itm_fi_great_bascinet_pl|Great Helmet
itm_fi_pigface|Hounskull Helmet
itm_fi_pigface_pl|Hounskull Helmet
itm_fi_cataphract_helmet_2|Cataphract Helmet
itm_fi_cataphract_helmet_2_pl|Cataphract Helmet
itm_cool_dagger|Dagger
itm_cool_dagger_pl|Dagger
itm_kingsguard_armor|Kingsguard Armor
itm_kingsguard_armor_pl|Kingsguard Armor
itm_stormlands_sellsword_armor_1|Chain Mail Hauberk
itm_stormlands_sellsword_armor_1_pl|Chain Mail Hauberk
itm_dragonstone_sellsword_armor_2|Chain Mail Hauberk
itm_dragonstone_sellsword_armor_2_pl|Chain Mail Hauberk
itm_sellsword_armor_4|Chain Mail Hauberk
itm_sellsword_armor_4_pl|Chain Mail Hauberk
itm_fi_chain_mail_hauberk|Chain Mail Hauberk
itm_fi_chain_mail_hauberk_pl|Chain Mail Hauberk
itm_sellsword_armor_3|Heavy Plate Armor
itm_sellsword_armor_3_pl|Heavy Plate Armor
itm_vale_sellsword_armor_5|Heavy Plate Armor
itm_vale_sellsword_armor_5_pl|Heavy Plate Armor
itm_sellsword_plate_armor_3|Heavy Plate Armor
itm_sellsword_plate_armor_3_pl|Heavy Plate Armor
itm_full_plate_armor_1|Heavy Plate Armor
itm_full_plate_armor_1_pl|Heavy Plate Armor
itm_full_plate_armor_2|Heavy Plate Armor
itm_full_plate_armor_2_pl|Heavy Plate Armor
itm_full_plate_armor_3|Heavy Plate Armor
itm_full_plate_armor_3_pl|Heavy Plate Armor
itm_fi_chain_mail_jerkin|Heavy Plate Armor
itm_fi_chain_mail_jerkin_pl|Heavy Plate Armor
itm_fi_massive_plate_armor|Heavy Plate Armor
itm_fi_massive_plate_armor_pl|Heavy Plate Armor
itm_fi_arryn_plate_armor_1|Heavy Plate Armor
itm_fi_arryn_plate_armor_1_pl|Heavy Plate Armor
itm_fi_dorne_plate_armor_1|Heavy Plate Armor
itm_fi_dorne_plate_armor_1_pl|Heavy Plate Armor
itm_fi_dorne_plate_armor_2|Heavy Plate Armor
itm_fi_dorne_plate_armor_2_pl|Heavy Plate Armor
itm_fi_reach_plate_armor_1|Heavy Plate Armor
itm_fi_reach_plate_armor_1_pl|Heavy Plate Armor
itm_fi_reach_plate_armor_2|Heavy Plate Armor
itm_fi_reach_plate_armor_2_pl|Heavy Plate Armor
itm_fi_reach_plate_armor_3|Heavy Plate Armor
itm_fi_reach_plate_armor_3_pl|Heavy Plate Armor
itm_fi_westerlands_plate_armor_1|Heavy Plate Armor
itm_fi_westerlands_plate_armor_1_pl|Heavy Plate Armor
itm_fi_stripped_leather_jerkin|Leather Jerkin
itm_fi_stripped_leather_jerkin_pl|Leather Jerkin
itm_fi_leather_jerkin_2|Leather Jerkin
itm_fi_leather_jerkin_2_pl|Leather Jerkin
itm_fi_leather_jerkin|Heavy Leather Jerkin
itm_fi_leather_jerkin_pl|Heavy Leather Jerkin
itm_fi_green_leather_armor|Leather Jerkin
itm_fi_green_leather_armor_pl|Leather Jerkin
itm_westerlands_noble_1|Leather Jerkin
itm_westerlands_noble_1_pl|Leather Jerkin
itm_stormland_light|Gambeson
itm_stormland_light_pl|Gambeson
itm_sellsword_light|Leather Jerkin
itm_sellsword_light_pl|Leather Jerkin
itm_westerland_goldcloak|Gold Cloaks Chain Mail Hauberk
itm_westerland_goldcloak_pl|Gold Cloaks Chain Mail Hauberk
itm_westerland_goldcloak_cloaked|Gold Cloaks Chain Mail Hauberk
itm_westerland_goldcloak_cloaked_pl|Gold Cloaks Chain Mail Hauberk
itm_westerland_hound|Chain Mail Hauberk
itm_westerland_hound_pl|Chain Mail Hauberk
itm_nightswatch_a|Leather Jerkin
itm_nightswatch_a_pl|Leather Jerkin
itm_nightswatch_b|Leather Jerkin
itm_nightswatch_b_pl|Leather Jerkin
itm_nightswatch_c|Heavy Leather Jerkin
itm_nightswatch_c_pl|Heavy Leather Jerkin
itm_nightswatch_d|Lamellar Armor
itm_nightswatch_d_pl|Lamellar Armor
itm_north_archer|Gambeson
itm_north_archer_pl|Gambeson
itm_north_hunter|Leather Jerkin
itm_north_hunter_pl|Leather Jerkin
itm_north_heavycav|Heavy Leather Armor
itm_north_heavycav_pl|Heavy Leather Armor
itm_riverlands_light|Leather Jerkin
itm_riverlands_light_pl|Leather Jerkin
itm_riverlands_freyheavy|Leather Jerkin
itm_riverlands_freyheavy_pl|Leather Jerkin
itm_riverlands_freylight|Leather Jerkin
itm_riverlands_freylight_pl|Leather Jerkin
itm_riverlands_freylight_shoulders|Leather Jerkin
itm_riverlands_freylight_shoulders_pl|Leather Jerkin
itm_vale_heavy|Light Plate Armor
itm_vale_heavy_pl|Light Plate Armor
itm_vale_heavy_neck|Light Plate Armor
itm_vale_heavy_neck_pl|Light Plate Armor
itm_sellsword_jerkin|Leather Jerkin
itm_sellsword_jerkin_pl|Leather Jerkin
itm_sellsword_jerkin_neck|Leather Jerkin
itm_sellsword_jerkin_neck_pl|Leather Jerkin
itm_north_bolton_standard|Chain Mail Hauberk
itm_north_bolton_standard_pl|Chain Mail Hauberk
itm_north_bolton_heavy|Plated Chain Mail Hauberk
itm_north_bolton_heavy_pl|Plated Chain Mail Hauberk
itm_north_bolton_standard_cloaked|Chain Mail Hauberk
itm_north_bolton_standard_cloaked_pl|Chain Mail Hauberk
itm_north_bolton_lord|Plated Chain Mail Hauberk
itm_north_bolton_lord_pl|Plated Chain Mail Hauberk
itm_north_bolton_lord_cloaked|Chain Mail Hauberk
itm_north_bolton_lord_cloaked_pl|Chain Mail Hauberk
itm_north_karstark_01|Chain Mail Hauberk
itm_north_karstark_01_pl|Chain Mail Hauberk
itm_north_karstark_01_heavy|Plated Chain Mail Hauberk
itm_north_karstark_01_heavy_pl|Plated Chain Mail Hauberk
itm_north_karstark_01_cloaked|Chain Mail Hauberk
itm_north_karstark_01_cloaked_pl|Chain Mail Hauberk
itm_north_karstark_02|Chain Mail Hauberk
itm_north_karstark_02_pl|Chain Mail Hauberk
itm_north_light_01|Leather Jerkin
itm_north_light_01_pl|Leather Jerkin
itm_north_light_01_cloaked|Leather Jerkin
itm_north_light_01_cloaked_pl|Leather Jerkin
itm_north_light_02|Chain Mail Hauberk
itm_north_light_02_pl|Chain Mail Hauberk
itm_north_stark_captain_heavy|Plated Chain Mail Hauberk
itm_north_stark_captain_heavy_pl|Plated Chain Mail Hauberk
itm_north_stark_captain|Chain Mail Hauberk
itm_north_stark_captain_pl|Chain Mail Hauberk
itm_north_stark_captain_cloaked|Chain Mail Hauberk
itm_north_stark_captain_cloaked_pl|Chain Mail Hauberk
itm_north_stark_knight|Heavy Leather Jerkin
itm_north_stark_knight_pl|Heavy Leather Jerkin
itm_north_stark_heavy_knight|Plated Leather Jerkin
itm_north_stark_heavy_knight_pl|Plated Leather Jerkin
itm_north_stark_lord|Plated Leather Jerkin
itm_north_stark_lord_pl|Plated Leather Jerkin
itm_north_stark_standard|Heavy Leather Jerkin
itm_north_stark_standard_pl|Heavy Leather Jerkin
itm_north_stark_guardsman|Heavy Leather Jerkin
itm_north_stark_guardsman_pl|Heavy Leather Jerkin
itm_north_umbar|Heavy Leather Jerkin
itm_north_umbar_pl|Heavy Leather Jerkin
itm_north_umbar_cloaked|Heavy Leather Jerkin
itm_north_umbar_cloaked_pl|Heavy Leather Jerkin
itm_reach_loras|Heavy Plate Armor
itm_reach_loras_pl|Heavy Plate Armor
itm_reach_loras2|Heavy Plate Armor
itm_reach_loras2_pl|Heavy Plate Armor
itm_riverlands_blackfish|Chain Mail Hauberk
itm_riverlands_blackfish_pl|Chain Mail Hauberk
itm_riverlands_edmure|Chain Mail Hauberk
itm_riverlands_edmure_pl|Chain Mail Hauberk
itm_riverlands_frey_01|Leather Jerkin
itm_riverlands_frey_01_pl|Leather Jerkin
itm_riverlands_frey_01_neck|Heavy Leather Jerkin
itm_riverlands_frey_01_neck_pl|Heavy Leather Jerkin
itm_riverlands_frey_02|Leather Jerkin
itm_riverlands_frey_02_pl|Leather Jerkin
itm_riverlands_frey_02_neck|Heavy Leather Jerkin
itm_riverlands_frey_02_neck_pl|Heavy Leather Jerkin
itm_riverlands_heavy_no_shoulders|Chain Mail Hauberk
itm_riverlands_heavy_no_shoulders_pl|Chain Mail Hauberk
itm_riverlands_heavy|Chain Mail Hauberk
itm_riverlands_heavy_pl|Chain Mail Hauberk
itm_riverlands_heavy_neck|Chain Mail Hauberk
itm_riverlands_heavy_neck_pl|Chain Mail Hauberk
itm_riverlands_standard_01|Heavy Leather Jerkin
itm_riverlands_standard_01_pl|Heavy Leather Jerkin
itm_stormlands_brienne|Heavy Plate Armor
itm_stormlands_brienne_pl|Heavy Plate Armor
itm_stormlands_brienne2|Heavy Plate Armor
itm_stormlands_brienne2_pl|Heavy Plate Armor
itm_stormlands_renly|Reinforced Gambeson
itm_stormlands_renly_pl|Reinforced Gambeson
itm_westerlands_heavy|Light Plate Armor
itm_westerlands_heavy_pl|Light Plate Armor
itm_westerlands_heavy_lord|Heavy Plate Armor
itm_westerlands_heavy_lord_pl|Heavy Plate Armor
itm_westerlands_heavy_standard|Light Plate Armor
itm_westerlands_heavy_standard_pl|Light Plate Armor
itm_westerlands_hound|Light Plate Armor
itm_westerlands_hound_pl|Light Plate Armor
itm_westerlands_king|Heavy Plate Armor
itm_westerlands_king_pl|Heavy Plate Armor
itm_westerlands_lord_1|Light Plate Armor
itm_westerlands_lord_1_pl|Light Plate Armor
itm_westerlands_lord_2|Light Plate Armor
itm_westerlands_lord_2_pl|Light Plate Armor
itm_westerlands_light_01|Leather Jerkin
itm_westerlands_light_01_pl|Leather Jerkin
itm_westerlands_light_02|Leather Jerkin
itm_westerlands_light_02_pl|Leather Jerkin
itm_westerlands_polliver_01|Plated Leather Jerkin
itm_westerlands_polliver_01_pl|Plated Leather Jerkin
itm_westerlands_polliver_02|Heavy Leather Jerkin
itm_westerlands_polliver_02_pl|Heavy Leather Jerkin
itm_dragonstone_stannis|Chain Mail Hauberk
itm_dragonstone_stannis_pl|Chain Mail Hauberk
itm_westerland_helm|Lannister Helmet
itm_westerland_helm_pl|Lannister Helmet
itm_goldcloak_helm|Gold Cloak Helmet
itm_goldcloak_helm_pl|Gold Cloak Helmet
itm_kingsguard_helm|Kingsguard Helmet
itm_kingsguard_helm_pl|Kingsguard Helmet
itm_armor_baratheon|Heavy Plate Armor
itm_armor_baratheon_pl|Heavy Plate Armor
itm_bnw_armour_slashed_full|Light Plate Armor
itm_bnw_armour_slashed_full_pl|Light Plate Armor
itm_bnw_armour_stripes_full|Light Plate Armor
itm_bnw_armour_stripes_full_pl|Light Plate Armor
itm_coldbringer|Coldbringer
itm_coldbringer_pl|Coldbringer
itm_fi_lowlander_sword|Great Sword
itm_fi_lowlander_sword_pl|Great Sword
itm_ssh_huscarl_armour|Heavy Plate Armor
itm_ssh_huscarl_armour_pl|Heavy Plate Armor
itm_kraken_mask|Kraken Helmet
itm_kraken_mask_pl|Kraken Helmet
itm_west_man_at_arms_armor|Heavy Plate Armor
itm_west_man_at_arms_armor_pl|Heavy Plate Armor
itm_goplon1|Round Bronze Shield
itm_goplon1_pl|Round Bronze Shield
itm_mackie_strange_sword|Curved Great Sword
itm_mackie_strange_sword_pl|Curved Great Sword
itm_arakh|Arakh
itm_arakh_pl|Arakh
itm_short_arakh|Arakh
itm_short_arakh_pl|Arakh
itm_joffreys_armor|Light Plate Armor
itm_joffreys_armor_pl|Light Plate Armor
itm_witcher_heater_7|Heater Shield
itm_witcher_heater_7_pl|Heater Shield
itm_nw_heater_shield|Heater Shield
itm_nw_heater_shield_pl|Heater Shield
itm_witcher_worn_shield|Round Wooden Shield
itm_witcher_worn_shield_pl|Round Wooden Shield
itm_xenoargh_shield_kite01_06|Kite Shield
itm_xenoargh_shield_kite01_06_pl|Kite Shield
itm_xenoargh_tableau_shield_heater_1|Heater Shield
itm_xenoargh_tableau_shield_heater_1_pl|Heater Shield
itm_golden_company_shield|Kite Shield
itm_golden_company_shield_pl|Kite Shield
itm_xenoargh_shield_pavise_1|Pavise
itm_xenoargh_shield_pavise_1_pl|Pavise
itm_xenoargh_shield_pavise_2|Pavise
itm_xenoargh_shield_pavise_2_pl|Pavise
itm_stark_shield|Round Steel Shield
itm_stark_shield_pl|Round Steel Shield
itm_wide_toga_1|Cloth Tunic
itm_wide_toga_1_pl|Cloth Tunic
itm_reznak_robe_1|Ghiscari Dress
itm_reznak_robe_1_pl|Ghiscari Dress
itm_grazdan_robe_1|Ghiscari Dress
itm_grazdan_robe_1_pl|Ghiscari Dress
itm_hizdahr_robe_1|Ghiscari Dress
itm_hizdahr_robe_1_pl|Ghiscari Dress
itm_galazza_robe_1|Ghiscari Dress
itm_galazza_robe_1_pl|Ghiscari Dress
itm_yunkai_robe_1|Ghiscari Dress
itm_yunkai_robe_1_pl|Ghiscari Dress
itm_yunkai_robe_2|Ghiscari Dress
itm_yunkai_robe_2_pl|Ghiscari Dress
itm_kuauik_mace_style_1|Cloth Tunic
itm_kuauik_mace_style_1_pl|Cloth Tunic
itm_kuauik_mace_style_2|Cloth Tunic
itm_kuauik_mace_style_2_pl|Cloth Tunic
itm_kuauik_mace_style_3|Cloth Tunic
itm_kuauik_mace_style_3_pl|Cloth Tunic
itm_kingsguard_helm_quest|Kingsguard Helmet
itm_kingsguard_helm_quest_pl|Kingsguard Helmet
itm_nord_dress_common_b|Dress
itm_nord_dress_common_b_pl|Dress
itm_rhodok_dress_common_b|Dress
itm_rhodok_dress_common_b_pl|Dress
itm_sarranid_dress_common_a|Dress
itm_sarranid_dress_common_a_pl|Dress
itm_sarranid_dress_common_b|Dress
itm_sarranid_dress_common_b_pl|Dress
itm_aemonds_helmet|Aemond Targaryens Hounskull Helmet
itm_aemonds_helmet_pl|Aemond Targaryens Hounskull Helmet
itm_aemonds_boots|Aemond Targaryens Plate Boots
itm_aemonds_boots_pl|Aemond Targaryens Plate Boots
itm_aemonds_armor|Aemond Targaryens Heavy Plate Armor
itm_aemonds_armor_pl|Aemond Targaryens Heavy Plate Armor
itm_fi_estoc|Two-Handed Bravos Blade
itm_fi_estoc_pl|Two-Handed Bravos Blade
itm_winters_frying_pan|Frying Pan
itm_winters_frying_pan_pl|Frying Pan
itm_bearded_axe|One-Handed Axe
itm_bearded_axe_pl|One-Handed Axe
itm_long_danox|Two-Handed Axe
itm_long_danox_pl|Two-Handed Axe
itm_fi_broad_axe|Two-Handed Axe
itm_fi_broad_axe_pl|Two-Handed Axe
itm_fi_claymore|Great Sword
itm_fi_claymore_pl|Great Sword
itm_dunland_antleraxe|One-Handed Antler Axe
itm_dunland_antleraxe_pl|One-Handed Antler Axe
itm_dunland_spear|Bone Spear
itm_dunland_spear_pl|Bone Spear
itm_dunland_pike|Sharpened Stake
itm_dunland_pike_pl|Sharpened Stake
itm_wildling_heavy_armor_1|Heavy Fur Armor
itm_wildling_heavy_armor_1_pl|Heavy Fur Armor
itm_wildling_heavy_armor_2|Heavy Fur Armor
itm_wildling_heavy_armor_2_pl|Heavy Fur Armor
itm_wildling_heavy_armor_3|Heavy Fur Armor
itm_wildling_heavy_armor_3_pl|Heavy Fur Armor
itm_wildling_leather_vest_1|Leather Jerkin
itm_wildling_leather_vest_1_pl|Leather Jerkin
itm_wildling_leather_vest_2|Leather Jerkin
itm_wildling_leather_vest_2_pl|Leather Jerkin
itm_wildling_noble_cloth|Leather Jerkin
itm_wildling_noble_cloth_pl|Leather Jerkin
itm_bw_wildling_cloth_tunic_1|Cloth Tunic
itm_bw_wildling_cloth_tunic_1_pl|Cloth Tunic
itm_bw_wildling_cloth_tunic_2|Cloth Tunic
itm_bw_wildling_cloth_tunic_2_pl|Cloth Tunic
itm_bw_wildling_cloth_tunic_3|Cloth Tunic
itm_bw_wildling_cloth_tunic_3_pl|Cloth Tunic
itm_bw_wildling_leather_tunic_1|Leather Jerkin
itm_bw_wildling_leather_tunic_1_pl|Leather Jerkin
itm_bw_wildling_leather_tunic_2|Leather Jerkin
itm_bw_wildling_leather_tunic_2_pl|Leather Jerkin
itm_bw_wildling_leather_tunic_3|Leather Jerkin
itm_bw_wildling_leather_tunic_3_pl|Leather Jerkin
itm_bw_wildling_leather_tunic_4|Leather Jerkin
itm_bw_wildling_leather_tunic_4_pl|Leather Jerkin
itm_bw_wildling_leather_tunic_5|Leather Jerkin
itm_bw_wildling_leather_tunic_5_pl|Leather Jerkin
itm_bw_wildling_leather_tunic_6|Leather Jerkin
itm_bw_wildling_leather_tunic_6_pl|Leather Jerkin
itm_kuyak_a|Plated Leather Jerkin
itm_kuyak_a_pl|Plated Leather Jerkin
itm_kuyak_b|Plated Leather Jerkin
itm_kuyak_b_pl|Plated Leather Jerkin
itm_coat_of_plates4|Heavy Fur Armor
itm_coat_of_plates4_pl|Heavy Fur Armor
itm_coat_of_plates5|Heavy Fur Armor
itm_coat_of_plates5_pl|Heavy Fur Armor
itm_coat_of_plates6m|Heavy Fur Armor
itm_coat_of_plates6m_pl|Heavy Fur Armor
itm_raider_hauberk|Chain Mail Hauberk
itm_raider_hauberk_pl|Chain Mail Hauberk
itm_raider_hauberk2|Chain Mail Hauberk
itm_raider_hauberk2_pl|Chain Mail Hauberk
itm_raider_hauberk3|Chain Mail Hauberk
itm_raider_hauberk3_pl|Chain Mail Hauberk
itm_briton_helm|Wildling Chiefs Nasal Helmet
itm_briton_helm_pl|Wildling Chiefs Nasal Helmet
itm_dux_ridge_helm|Tormunds Nasal Helmet
itm_dux_ridge_helm_pl|Tormunds Nasal Helmet
itm_valsgarde1|Old Nasal Helmet
itm_valsgarde1_pl|Old Nasal Helmet
itm_valsgarde2|Old Nasal Helmet
itm_valsgarde2_pl|Old Nasal Helmet
itm_valsgarde3|Old Nasal Helmet
itm_valsgarde3_pl|Old Nasal Helmet
itm_valsgarde4|Old Nasal Helmet
itm_valsgarde4_pl|Old Nasal Helmet
itm_wildling_square_shield_1|Wildlings Square Shield
itm_wildling_square_shield_1_pl|Wildlings Square Shield
itm_wildling_square_shield_2|Wildlings Square Shield
itm_wildling_square_shield_2_pl|Wildlings Square Shield
itm_wildling_square_shield_3|Wildlings Square Shield
itm_wildling_square_shield_3_pl|Wildlings Square Shield
itm_wildling_square_shield_4|Wildlings Square Shield
itm_wildling_square_shield_4_pl|Wildlings Square Shield
itm_wildling_square_shield_5|Wildlings Square Shield
itm_wildling_square_shield_5_pl|Wildlings Square Shield
itm_wildling_square_shield_9|Wildlings Square Shield
itm_wildling_square_shield_9_pl|Wildlings Square Shield
itm_wildling_square_shield_12|Wildlings Square Shield
itm_wildling_square_shield_12_pl|Wildlings Square Shield
itm_xenoargh_round_shield05_plain|Round Wooden Shield
itm_xenoargh_round_shield05_plain_pl|Round Wooden Shield
itm_bw_wildling_cloth_tunic_1_noble|Wildling Noble
itm_bw_wildling_cloth_tunic_1_noble_pl|Wildling Noble
itm_bw_wildling_cloth_tunic_2_noble|Wildling Noble
itm_bw_wildling_cloth_tunic_2_noble_pl|Wildling Noble
itm_bw_wildling_cloth_tunic_3_noble|Wildling Noble
itm_bw_wildling_cloth_tunic_3_noble_pl|Wildling Noble
itm_bw_wildling_leather_tunic_1_noble|Wildling Noble
itm_bw_wildling_leather_tunic_1_noble_pl|Wildling Noble
itm_bw_wildling_leather_tunic_2_noble|Wildling Noble
itm_bw_wildling_leather_tunic_2_noble_pl|Wildling Noble
itm_bw_wildling_leather_tunic_3_noble|Wildling Noble
itm_bw_wildling_leather_tunic_3_noble_pl|Wildling Noble
itm_bw_wildling_leather_tunic_4_noble|Wildling Noble
itm_bw_wildling_leather_tunic_4_noble_pl|Wildling Noble
itm_bw_wildling_leather_tunic_5_noble|Wildling Noble
itm_bw_wildling_leather_tunic_5_noble_pl|Wildling Noble
itm_bw_wildling_leather_tunic_6_noble|Wildling Noble
itm_bw_wildling_leather_tunic_6_noble_pl|Wildling Noble
itm_we_swa_arrow_gromite|Steel Arrows
itm_we_swa_arrow_gromite_pl|Steel Arrows
itm_ar_nor_shi_skjortira|Pants
itm_ar_nor_shi_skjortira_pl|Pants
itm_ar_nor_tun_blue|Pants
itm_ar_nor_tun_blue_pl|Pants
itm_dothraki_lamellar|Lamellar Armor
itm_dothraki_lamellar_pl|Lamellar Armor
itm_brego_nord_helmet|Old Nasal Helmet
itm_brego_nord_helmet_pl|Old Nasal Helmet
itm_dothraki_hair_1|Dothraki Braid
itm_dothraki_hair_1_pl|Dothraki Braid
itm_dothraki_hair_2|Dothraki Braid
itm_dothraki_hair_2_pl|Dothraki Braid
itm_dothraki_hair_3|Dothraki Braid
itm_dothraki_hair_3_pl|Dothraki Braid
itm_dothraki_hair_4|Dothraki Braid
itm_dothraki_hair_4_pl|Dothraki Braid
itm_dothraki_hair_5|Dothraki Braid
itm_dothraki_hair_5_pl|Dothraki Braid
itm_dothraki_hair_6|Dothraki Braid
itm_dothraki_hair_6_pl|Dothraki Braid
itm_otk_shlem|The Weepers Helmet
itm_otk_shlem_pl|The Weepers Helmet
itm_otk_axe|One-Handed Axe
itm_otk_axe_pl|One-Handed Axe
itm_mackie_machete|Dothraki Cleaver
itm_mackie_machete_pl|Dothraki Cleaver
itm_new_nightswatch_1|Leather Jerkin
itm_new_nightswatch_1_pl|Leather Jerkin
itm_new_nightswatch_1_cloak|Leather Jerkin
itm_new_nightswatch_1_cloak_pl|Leather Jerkin
itm_new_nightswatch_2|Leather Jerkin
itm_new_nightswatch_2_pl|Leather Jerkin
itm_new_nightswatch_2_cloak|Leather Jerkin
itm_new_nightswatch_2_cloak_pl|Leather Jerkin
itm_new_nightswatch_3|Chain Mail Hauberk
itm_new_nightswatch_3_pl|Chain Mail Hauberk
itm_new_nightswatch_3_cloak|Chain Mail Hauberk
itm_new_nightswatch_3_cloak_pl|Chain Mail Hauberk
itm_new_nightswatch_4|Lamellar Armor
itm_new_nightswatch_4_pl|Lamellar Armor
itm_new_nightswatch_4_cloak|Lamellar Armor
itm_new_nightswatch_4_cloak_pl|Lamellar Armor
itm_new_nightswatch_5|Light Plate Armor
itm_new_nightswatch_5_pl|Light Plate Armor
itm_new_nightswatch_5_cloak|Light Plate Armor
itm_new_nightswatch_5_cloak_pl|Light Plate Armor
itm_new_nightswatch_mance_rayder|Chain Mail Hauberk
itm_new_nightswatch_mance_rayder_pl|Chain Mail Hauberk
itm_aemons_robe|Light Robe
itm_aemons_robe_pl|Light Robe
itm_dedal_kufel|Kufel
itm_dedal_kufel_pl|Kufel
itm_dedal_lutnia|Lutnia
itm_dedal_lutnia_pl|Lutnia
itm_dedal_lira|Lira
itm_dedal_lira_pl|Lira
itm_axe_hands|Axe Hands
itm_axe_hands_pl|Axe Hands
itm_awl_pike_a|Pike
itm_awl_pike_a_pl|Pike
itm_awl_pike_b|Pike
itm_awl_pike_b_pl|Pike
itm_dornish_cataphract_helmet|Cataphract Helmet
itm_dornish_cataphract_helmet_pl|Cataphract Helmet
itm_dornish_chain_fur_1|Nasal Helmet
itm_dornish_chain_fur_1_pl|Nasal Helmet
itm_dornish_chain_fur_2|Nasal Helmet
itm_dornish_chain_fur_2_pl|Nasal Helmet
itm_dornish_chain_fur_3|Nasal Helmet
itm_dornish_chain_fur_3_pl|Nasal Helmet
itm_dornish_turban|Headcloth
itm_dornish_turban_pl|Headcloth
itm_dornish_open_turban|Headcloth
itm_dornish_open_turban_pl|Headcloth
itm_dornish_turban_helmet_mail|Conical Helmet
itm_dornish_turban_helmet_mail_pl|Conical Helmet
itm_dornish_leather_helmet|Leather Cap
itm_dornish_leather_helmet_pl|Leather Cap
itm_dornish_chain_mail_1|Conical Helmet
itm_dornish_chain_mail_1_pl|Conical Helmet
itm_dornish_chain_mail_2|Nasal Helmet
itm_dornish_chain_mail_2_pl|Nasal Helmet
itm_dornish_chain_mail_3|Nasal Helmet
itm_dornish_chain_mail_3_pl|Nasal Helmet
itm_dornish_turban_helmet_2|Conical Helmet
itm_dornish_turban_helmet_2_pl|Conical Helmet
itm_dornish_turban_helmet_1|Conical Helmet
itm_dornish_turban_helmet_1_pl|Conical Helmet
itm_dornish_lamellar|Lamellar Vest
itm_dornish_lamellar_pl|Lamellar Vest
itm_dornish_scale|Scale Mail Hauberk
itm_dornish_scale_pl|Scale Mail Hauberk
itm_dornish_cavrobe_1|Chain Mail Hauberk
itm_dornish_cavrobe_1_pl|Chain Mail Hauberk
itm_dornish_chain_mail_shirt_3|Chain Mail Hauberk
itm_dornish_chain_mail_shirt_3_pl|Chain Mail Hauberk
itm_dornish_heavy_lamellar|Heavy Lamellar Armor
itm_dornish_heavy_lamellar_pl|Heavy Lamellar Armor
itm_dornish_leather_robe|Leather Jerkin
itm_dornish_leather_robe_pl|Leather Jerkin
itm_dornish_skirmisher|Leather Jerkin
itm_dornish_skirmisher_pl|Leather Jerkin
itm_broken_bottle|Broken Bottle
itm_broken_bottle_pl|Broken Bottle
itm_kuauik_studded_leather_1|Heavy Leather Jerkin
itm_kuauik_studded_leather_1_pl|Heavy Leather Jerkin
itm_kuauik_welsh_archer_1|Leather Jerkin
itm_kuauik_welsh_archer_1_pl|Leather Jerkin
itm_kuauik_dornish_leather_tunic_1|Leather Jerkin
itm_kuauik_dornish_leather_tunic_1_pl|Leather Jerkin
itm_kuauik_dornish_leather_tunic_2|Leather Jerkin
itm_kuauik_dornish_leather_tunic_2_pl|Leather Jerkin
itm_kuauik_dornish_chain_mail|Chain Mail Hauberk
itm_kuauik_dornish_chain_mail_pl|Chain Mail Hauberk
itm_kuauik_volantis_guard|Scale Mail Hauberk
itm_kuauik_volantis_guard_pl|Scale Mail Hauberk
itm_surcoat_targaryen|Surcoat over Mail
itm_surcoat_targaryen_pl|Surcoat over Mail
itm_surcoat_golden_company|Surcoat over Mail
itm_surcoat_golden_company_pl|Surcoat over Mail
itm_tournament_yellow_surcoat|Surcoat over Mail
itm_tournament_yellow_surcoat_pl|Surcoat over Mail
itm_tournament_white_surcoat|Surcoat over Mail
itm_tournament_white_surcoat_pl|Surcoat over Mail
itm_tournament_red_surcoat|Surcoat over Mail
itm_tournament_red_surcoat_pl|Surcoat over Mail
itm_tournament_surcoat_blue|Surcoat over Mail
itm_tournament_surcoat_blue_pl|Surcoat over Mail
itm_trial_surcoat|Tolletts Surcoat over Mail
itm_trial_surcoat_pl|Tolletts Surcoat over Mail
itm_trial_shield|Tolletts Kite Shield
itm_trial_shield_pl|Tolletts Kite Shield
itm_trial_boots|Mail Greaves
itm_trial_boots_pl|Mail Greaves
itm_trial_gloves|Mail Gauntlets
itm_trial_gloves_pl|Mail Gauntlets
itm_trial_helm|Top Helmet
itm_trial_helm_pl|Top Helmet
itm_trial_sword|Arming Sword
itm_trial_sword_pl|Arming Sword
itm_brawl_senlac|Arming Sword
itm_brawl_senlac_pl|Arming Sword
itm_we_nor_axe_throw_light|Throwing Axes
itm_we_nor_axe_throw_light_pl|Throwing Axes
itm_we_nor_axe_throw_light_melee|Throwing Axe
itm_we_nor_axe_throw_light_melee_pl|Throwing Axe
itm_robert_baratheons_helmet|Robert Baratheons Great Helmet
itm_robert_baratheons_helmet_pl|Robert Baratheons Great Helmet
itm_fi_tourney_helmet_1|Decorated Tournament Helmet
itm_fi_tourney_helmet_1_pl|Decorated Tournament Helmet
itm_fi_greathelmet_1|Decorated Tournament Helmet
itm_fi_greathelmet_1_pl|Decorated Tournament Helmet
itm_fi_armet_2|Decorated Tournament Helmet
itm_fi_armet_2_pl|Decorated Tournament Helmet
itm_crown_sallet|Sallet with Crown
itm_crown_sallet_pl|Sallet with Crown
itm_crown_coif|Mail Coif with Crown
itm_crown_coif_pl|Mail Coif with Crown
itm_nord_coat_of_plates|Heavy Leather Armor
itm_nord_coat_of_plates_pl|Heavy Leather Armor
itm_nord_coat_of_plates_pelt|Heavy Leather Armor
itm_nord_coat_of_plates_pelt_pl|Heavy Leather Armor
itm_fi_lance|Tourney Lance
itm_fi_lance_pl|Tourney Lance
itm_bb_rus_pike|War Lance
itm_bb_rus_pike_pl|War Lance
itm_sipahi_jawshan|Heavy Plate Armor
itm_sipahi_jawshan_pl|Heavy Plate Armor
itm_peltastos_armor|Gambeson
itm_peltastos_armor_pl|Gambeson
itm_mongolian_helmet|Conical Helmet
itm_mongolian_helmet_pl|Conical Helmet
itm_jack_boots_unsullied|Unsullied Shoes
itm_jack_boots_unsullied_pl|Unsullied Shoes
itm_jack_armour_unsullied|Unsullied Tunic
itm_jack_armour_unsullied_pl|Unsullied Tunic
itm_jack_helmet_unsullied|Unsullied Helmet
itm_jack_helmet_unsullied_pl|Unsullied Helmet
itm_jack_helmet_burgonet|Burgonet
itm_jack_helmet_burgonet_pl|Burgonet
itm_jack_helmet_burgonet_iron|Burgonet
itm_jack_helmet_burgonet_iron_pl|Burgonet
itm_unsullied_shield|Unsullied Shield
itm_unsullied_shield_pl|Unsullied Shield
itm_low_tier_sword_1|Arming Sword
itm_low_tier_sword_1_pl|Arming Sword
itm_medium_tier_sword_2|Arming Sword
itm_medium_tier_sword_2_pl|Arming Sword
itm_medium_tier_sword_3|Arming Sword
itm_medium_tier_sword_3_pl|Arming Sword
itm_high_tier_sword_1|Castle-Forged Arming Sword
itm_high_tier_sword_1_pl|Castle-Forged Arming Sword
itm_high_tier_sword_2|Castle-Forged Arming Sword
itm_high_tier_sword_2_pl|Castle-Forged Arming Sword
itm_low_tier_saber_1|Curved Sword
itm_low_tier_saber_1_pl|Curved Sword
itm_medium_tier_saber_1|Curved Sword
itm_medium_tier_saber_1_pl|Curved Sword
itm_high_tier_saber_1|Castle-Forged Curved Sword
itm_high_tier_saber_1_pl|Castle-Forged Curved Sword
itm_high_tier_saber_2|Castle-Forged Curved Sword
itm_high_tier_saber_2_pl|Castle-Forged Curved Sword
itm_we_rho_sword_rondeldagger|Short Sword
itm_we_rho_sword_rondeldagger_pl|Short Sword
itm_sword_rusty_a|Rusty Sword
itm_sword_rusty_a_pl|Rusty Sword
itm_loki_sword|Old Arming Sword
itm_loki_sword_pl|Old Arming Sword
itm_dragonstone_mailed|Chain Mail Hauberk
itm_dragonstone_mailed_pl|Chain Mail Hauberk
itm_dragonstone_plate2|Light Plate Armor
itm_dragonstone_plate2_pl|Light Plate Armor
itm_dragonstone_lord|Light Plate Armor
itm_dragonstone_lord_pl|Light Plate Armor
itm_dragonstone_padded1|Heavy Robe
itm_dragonstone_padded1_pl|Heavy Robe
itm_dragonstone_padded2|Heavy Robe
itm_dragonstone_padded2_pl|Heavy Robe
itm_dragonstone_court_davos|Heavy Robe
itm_dragonstone_court_davos_pl|Heavy Robe
itm_dragonstone_court_matthos|Heavy Robe
itm_dragonstone_court_matthos_pl|Heavy Robe
itm_dragonstone_gendry|Heavy Robe
itm_dragonstone_gendry_pl|Heavy Robe
itm_dragonstone_court_gendry|Cloth Tunic
itm_dragonstone_court_gendry_pl|Cloth Tunic
itm_dragonstone_archer_helm|Hat
itm_dragonstone_archer_helm_pl|Hat
itm_dragonstone_davos_battle|Heavy Robe
itm_dragonstone_davos_battle_pl|Heavy Robe
itm_dragonstone_matthos_battle|Heavy Robe
itm_dragonstone_matthos_battle_pl|Heavy Robe
itm_dragonstone_archer_helm_burgonet|Burgonet
itm_dragonstone_archer_helm_burgonet_pl|Burgonet
itm_mackie_falchion01|Falchion
itm_mackie_falchion01_pl|Falchion
itm_mackie_falchion03|Falchion
itm_mackie_falchion03_pl|Falchion
itm_mackie_cutlass|Falchion
itm_mackie_cutlass_pl|Falchion
itm_stormlands_hammer|War Hammer
itm_stormlands_hammer_pl|War Hammer
itm_stormlands_two_handed_hammer|Two-Handed War Hammer
itm_stormlands_two_handed_hammer_pl|Two-Handed War Hammer
itm_sellsword_club|Studded Club
itm_sellsword_club_pl|Studded Club
itm_sellsword_iron_club|Iron Club
itm_sellsword_iron_club_pl|Iron Club
itm_necturus_item_buckler_1|Buckler
itm_necturus_item_buckler_1_pl|Buckler
itm_necturus_item_buckler_2|Buckler
itm_necturus_item_buckler_2_pl|Buckler
itm_necturus_item_buckler_3|Buckler
itm_necturus_item_buckler_3_pl|Buckler
itm_ga_swa_a2_leather|Wildlings Round Shield
itm_ga_swa_a2_leather_pl|Wildlings Round Shield
itm_we_vae_bow_hunting|Wildlings Round Shield
itm_we_vae_bow_hunting_pl|Wildlings Round Shield
itm_we_khe_bow_red|Wildlings Round Shield
itm_we_khe_bow_red_pl|Wildlings Round Shield
itm_arena_shield_red|Wildlings Round Shield
itm_arena_shield_red_pl|Wildlings Round Shield
itm_arena_lance|BUGGED ITEM
itm_arena_lance_pl|BUGGED ITEM
itm_ar_swa_ban_scale_a|BUGGED ITEM
itm_ar_swa_ban_scale_a_pl|BUGGED ITEM
itm_bastard_sword_1|Bastard Sword
itm_bastard_sword_1_pl|Bastard Sword
itm_braavos_outfit_1|Cloth Tunic
itm_braavos_outfit_1_pl|Cloth Tunic
itm_braavos_outfit_2|Cloth Tunic
itm_braavos_outfit_2_pl|Cloth Tunic
itm_braavos_outfit_3|Cloth Tunic
itm_braavos_outfit_3_pl|Cloth Tunic
itm_braavos_hat_1|Hat
itm_braavos_hat_1_pl|Hat
itm_braavos_hat_2|Hat
itm_braavos_hat_2_pl|Hat
itm_braavos_hat_3|Hat
itm_braavos_hat_3_pl|Hat
itm_braavos_leather_hat_1|Leather Cap
itm_braavos_leather_hat_1_pl|Leather Cap
itm_braavos_leather_hat_2|Leather Cap
itm_braavos_leather_hat_2_pl|Leather Cap
itm_braavos_leather_hat_3|Leather Cap
itm_braavos_leather_hat_3_pl|Leather Cap
itm_fi_estoc_small|Bravos Blade
itm_fi_estoc_small_pl|Bravos Blade
itm_steel_buckler1|Steel Buckler
itm_steel_buckler1_pl|Steel Buckler
itm_steel_buckler2|Steel Buckler
itm_steel_buckler2_pl|Steel Buckler
itm_faradon_axe_1|One-Handed Axe
itm_faradon_axe_1_pl|One-Handed Axe
itm_faradon_axe_2|One-Handed Axe
itm_faradon_axe_2_pl|One-Handed Axe
itm_mm_orc_spear_1|Bone Spear
itm_mm_orc_spear_1_pl|Bone Spear
itm_mm_orc_spear_2|Crude Spear
itm_mm_orc_spear_2_pl|Crude Spear
itm_mm_orc_spear_3|Crude Spear
itm_mm_orc_spear_3_pl|Crude Spear
itm_mm_orc_spear_4|Crude Spear
itm_mm_orc_spear_4_pl|Crude Spear
itm_orgaxe2|Crude Sword
itm_orgaxe2_pl|Crude Sword
itm_orgsword1|Crude Sword
itm_orgsword1_pl|Crude Sword
itm_mackie_double_axe|One-Handed Axe
itm_mackie_double_axe_pl|One-Handed Axe
itm_xeno_grom|One-Handed Axe
itm_xeno_grom_pl|One-Handed Axe
itm_xenoargh_flamberge_onehand|Bravos Bastard Blade
itm_xenoargh_flamberge_onehand_pl|Bravos Bastard Blade
itm_xenoargh_flamberge|Two-Handed Bravos Blade
itm_xenoargh_flamberge_pl|Two-Handed Bravos Blade
itm_valyrian_dark_sister|Dark Sister
itm_valyrian_dark_sister_pl|Dark Sister
itm_valyrian_blackfyre|Blackfyre
itm_valyrian_blackfyre_pl|Blackfyre
itm_valyrian_custom_1|Valyrian Steel Sword
itm_valyrian_custom_1_pl|Valyrian Steel Sword
itm_valyrian_custom_2|Valyrian Steel Sword
itm_valyrian_custom_2_pl|Valyrian Steel Sword
itm_valyrian_custom_3|Valyrian Steel Sword
itm_valyrian_custom_3_pl|Valyrian Steel Sword
itm_valyrian_dagger_1|Valyrian Steel Dagger
itm_valyrian_dagger_1_pl|Valyrian Steel Dagger
itm_valyrian_dagger_2|Valyrian Steel Dagger
itm_valyrian_dagger_2_pl|Valyrian Steel Dagger
itm_valyrian_dagger_3|Valyrian Steel Dagger
itm_valyrian_dagger_3_pl|Valyrian Steel Dagger
itm_valyrian_dagger_4|Valyrian Steel Dagger
itm_valyrian_dagger_4_pl|Valyrian Steel Dagger
itm_dawn|Dawn
itm_dawn_pl|Dawn
itm_valyrian_lady_forlorn|Lady Forlorn
itm_valyrian_lady_forlorn_pl|Lady Forlorn
itm_valyrian_nightfall|Nightfall
itm_valyrian_nightfall_pl|Nightfall
itm_valyrian_red_rain|Red Rain
itm_valyrian_red_rain_pl|Red Rain
itm_valyrian_vigilance|Vigilance
itm_valyrian_vigilance_pl|Vigilance
itm_valyrian_orphan_maker|Orphan-Maker
itm_valyrian_orphan_maker_pl|Orphan-Maker
itm_valyrian_truth|Truth
itm_valyrian_truth_pl|Truth
itm_valyrian_heartsbane|Heartsbane
itm_valyrian_heartsbane_pl|Heartsbane
itm_explorer_one_handed_axe|Old One-Handed Axe
itm_explorer_one_handed_axe_pl|Old One-Handed Axe
itm_explorer_bronze_candelabre|Bronze Candelabre
itm_explorer_bronze_candelabre_pl|Bronze Candelabre
itm_explorer_bronze_goblet|Bronze Goblet
itm_explorer_bronze_goblet_pl|Bronze Goblet
itm_explorer_crystal|Red Crystal
itm_explorer_crystal_pl|Red Crystal
itm_explorer_curved_sword|Old Curved Sword
itm_explorer_curved_sword_pl|Old Curved Sword
itm_explorer_anise|Anise
itm_explorer_anise_pl|Anise
itm_explorer_wine|Bottle of Old Wine
itm_explorer_wine_pl|Bottle of Old Wine
itm_explorer_lannister_helmet|Rusty Lannister Helmet
itm_explorer_lannister_helmet_pl|Rusty Lannister Helmet
itm_explorer_ale|Barrel of Ale
itm_explorer_ale_pl|Barrel of Ale
itm_explorer_gold_ingot|Gold Ingot
itm_explorer_gold_ingot_pl|Gold Ingot
itm_explorer_gold_bars|Gold Bars
itm_explorer_gold_bars_pl|Gold Bars
itm_explorer_rusty_two_handed_axe|Rusty Two-Handed Axe
itm_explorer_rusty_two_handed_axe_pl|Rusty Two-Handed Axe
itm_explorer_weirwood_branch|Weirwood Branch
itm_explorer_weirwood_branch_pl|Weirwood Branch
itm_explorer_reyne_helmet|Open Top Helmet
itm_explorer_reyne_helmet_pl|Open Top Helmet
itm_explorer_egg|Dragon Egg
itm_explorer_egg_pl|Dragon Egg
itm_pentos_tier_1|Cloth Tunic
itm_pentos_tier_1_pl|Cloth Tunic
itm_pentos_tier_2|Leather Jerkin
itm_pentos_tier_2_pl|Leather Jerkin
itm_pentos_tier_3|Heavy Lamellar Armor
itm_pentos_tier_3_pl|Heavy Lamellar Armor
itm_lorathi_tier_1|Cloth Tunic
itm_lorathi_tier_1_pl|Cloth Tunic
itm_lorathi_tier_2|Cloth Tunic
itm_lorathi_tier_2_pl|Cloth Tunic
itm_lorathi_tier_3|Cloth Tunic
itm_lorathi_tier_3_pl|Cloth Tunic
itm_norvos_tier_1|Light Robe
itm_norvos_tier_1_pl|Light Robe
itm_norvos_tier_2|Gambeson
itm_norvos_tier_2_pl|Gambeson
itm_norvos_tier_3|Chain Mail Hauberk
itm_norvos_tier_3_pl|Chain Mail Hauberk
itm_qohor_tier_1|Light Robe
itm_qohor_tier_1_pl|Light Robe
itm_qohor_tier_2|Heavy Robe
itm_qohor_tier_2_pl|Heavy Robe
itm_qohor_tier_3|Lamellar Armor
itm_qohor_tier_3_pl|Lamellar Armor
itm_myr_tier_1|Light Robe
itm_myr_tier_1_pl|Light Robe
itm_myr_tier_2|Lamellar Armor
itm_myr_tier_2_pl|Lamellar Armor
itm_myr_tier_3|Heavy Lamellar Armor
itm_myr_tier_3_pl|Heavy Lamellar Armor
itm_lys_tier_1|Light Robe
itm_lys_tier_1_pl|Light Robe
itm_lys_tier_2|Heavy Robe
itm_lys_tier_2_pl|Heavy Robe
itm_lys_tier_3|Surcoat over Mail
itm_lys_tier_3_pl|Surcoat over Mail
itm_tyroshi_tier_1|Gambeson
itm_tyroshi_tier_1_pl|Gambeson
itm_tyroshi_tier_2|Lamellar Armor
itm_tyroshi_tier_2_pl|Lamellar Armor
itm_tyroshi_tier_3|Heavy Leather Jerkin
itm_tyroshi_tier_3_pl|Heavy Leather Jerkin
itm_volantis_tier_1|Light Robe
itm_volantis_tier_1_pl|Light Robe
itm_volantis_tier_2|Plated Leather Jerkin
itm_volantis_tier_2_pl|Plated Leather Jerkin
itm_volantis_tier_3|Heavy Lamellar Armor
itm_volantis_tier_3_pl|Heavy Lamellar Armor
itm_mercenary_tier_1_infantry|Cloth Tunic
itm_mercenary_tier_1_infantry_pl|Cloth Tunic
itm_mercenary_tier_2_infantry|Gambeson
itm_mercenary_tier_2_infantry_pl|Gambeson
itm_mercenary_tier_3_infantry|Chain Mail Hauberk
itm_mercenary_tier_3_infantry_pl|Chain Mail Hauberk
itm_mercenary_tier_4_infantry|Surcoat over Mail
itm_mercenary_tier_4_infantry_pl|Surcoat over Mail
itm_mercenary_tier_1_archer|Cloth Tunic
itm_mercenary_tier_1_archer_pl|Cloth Tunic
itm_mercenary_tier_2_archer|Gambeson
itm_mercenary_tier_2_archer_pl|Gambeson
itm_mercenary_tier_3_archer|Chain Mail Hauberk
itm_mercenary_tier_3_archer_pl|Chain Mail Hauberk
itm_mercenary_tier_4_archer|Surcoat over Mail
itm_mercenary_tier_4_archer_pl|Surcoat over Mail
itm_mercenary_helm_tier_1|Old Nasal Helmet
itm_mercenary_helm_tier_1_pl|Old Nasal Helmet
itm_mercenary_helm_tier_2|Old Nasal Helmet
itm_mercenary_helm_tier_2_pl|Old Nasal Helmet
itm_mercenary_helm_tier_3|Nasal Helmet
itm_mercenary_helm_tier_3_pl|Nasal Helmet
itm_dornish_helm_tier_1|Conical Helmet
itm_dornish_helm_tier_1_pl|Conical Helmet
itm_dornish_helm_tier_2|Conical Helmet
itm_dornish_helm_tier_2_pl|Conical Helmet
itm_dornish_helm_tier_3|Conical Helmet
itm_dornish_helm_tier_3_pl|Conical Helmet
itm_essos_helm_tier_1|Heavy Leather Cap
itm_essos_helm_tier_1_pl|Heavy Leather Cap
itm_essos_helm_tier_2|Conical Helmet
itm_essos_helm_tier_2_pl|Conical Helmet
itm_essos_helm_tier_3_1|Open Top Helmet
itm_essos_helm_tier_3_1_pl|Open Top Helmet
itm_essos_helm_tier_3_2|Conical Helmet
itm_essos_helm_tier_3_2_pl|Conical Helmet
itm_essos_helm_tier_4|Heavy Conical Helmet
itm_essos_helm_tier_4_pl|Heavy Conical Helmet
itm_essos_helm_tier_5_1|Heavy Conical Helmet
itm_essos_helm_tier_5_1_pl|Heavy Conical Helmet
itm_essos_helm_tier_5_2|Heavy Conical Helmet
itm_essos_helm_tier_5_2_pl|Heavy Conical Helmet
itm_essos_helm_tier_5_3|Heavy Conical Helmet
itm_essos_helm_tier_5_3_pl|Heavy Conical Helmet
itm_essos_helm_tier_6|Heavy Conical Helmet
itm_essos_helm_tier_6_pl|Heavy Conical Helmet
itm_lorathi_boots_tier_1|Shoes
itm_lorathi_boots_tier_1_pl|Shoes
itm_lorathi_boots_tier_2|Leather Boots
itm_lorathi_boots_tier_2_pl|Leather Boots
itm_lorathi_boots_tier_3|Leather Boots
itm_lorathi_boots_tier_3_pl|Leather Boots
itm_lorathi_boots_tier_4|Studded Leather Boots
itm_lorathi_boots_tier_4_pl|Studded Leather Boots
itm_pendant_lannister_pronged|War Lance
itm_pendant_lannister_pronged_pl|War Lance
itm_pendant_lannister_square_1|War Lance
itm_pendant_lannister_square_1_pl|War Lance
itm_pendant_lannister_square_2|War Lance
itm_pendant_lannister_square_2_pl|War Lance
itm_pendant_lannister_triangle|War Lance
itm_pendant_lannister_triangle_pl|War Lance
itm_pendant_neutral_red_triangle|War Lance
itm_pendant_neutral_red_triangle_pl|War Lance
itm_pendant_neutral_black_triangle|War Lance
itm_pendant_neutral_black_triangle_pl|War Lance
itm_pendant_neutral_green_triangle|War Lance
itm_pendant_neutral_green_triangle_pl|War Lance
itm_pendant_neutral_blue_triangle|War Lance
itm_pendant_neutral_blue_triangle_pl|War Lance
itm_pendant_neutral_white_triangle|War Lance
itm_pendant_neutral_white_triangle_pl|War Lance
itm_pendant_neutral_black_pronged|War Lance
itm_pendant_neutral_black_pronged_pl|War Lance
itm_pendant_neutral_blue_pronged|War Lance
itm_pendant_neutral_blue_pronged_pl|War Lance
itm_pendant_neutral_yellow_pronged|War Lance
itm_pendant_neutral_yellow_pronged_pl|War Lance
itm_pendant_stark_pronged|War Lance
itm_pendant_stark_pronged_pl|War Lance
itm_pendant_stark_triangle|War Lance
itm_pendant_stark_triangle_pl|War Lance
itm_pendant_tully_triangle|War Lance
itm_pendant_tully_triangle_pl|War Lance
itm_pendant_tully_square|War Lance
itm_pendant_tully_square_pl|War Lance
itm_pendant_arryn_square|War Lance
itm_pendant_arryn_square_pl|War Lance
itm_pendant_baratheon_square|War Lance
itm_pendant_baratheon_square_pl|War Lance
itm_pendant_baratheon_pronged|War Lance
itm_pendant_baratheon_pronged_pl|War Lance
itm_pendant_tyrell_square|War Lance
itm_pendant_tyrell_square_pl|War Lance
itm_pendant_tyrell_triangle|War Lance
itm_pendant_tyrell_triangle_pl|War Lance
itm_pendant_martell_triangle|War Lance
itm_pendant_martell_triangle_pl|War Lance
itm_pendant_neutral_seven_square|War Lance
itm_pendant_neutral_seven_square_pl|War Lance
itm_pendant_neutral_red_two|War Lance
itm_pendant_neutral_red_two_pl|War Lance
itm_pendant_dragonstone_triangle|War Lance
itm_pendant_dragonstone_triangle_pl|War Lance
itm_pendant_dragonstone_pronged|War Lance
itm_pendant_dragonstone_pronged_pl|War Lance
itm_pendant_greyjoy_pronged|War Lance
itm_pendant_greyjoy_pronged_pl|War Lance
itm_pendant_targaryen_pronged|War Lance
itm_pendant_targaryen_pronged_pl|War Lance
itm_pendant_targaryen_square|War Lance
itm_pendant_targaryen_square_pl|War Lance
itm_he_vae_t1_noble_a|Lady Hat
itm_he_vae_t1_noble_a_pl|Lady Hat
itm_he_pla_pri_priestcoif|Noblemans Coif
itm_he_pla_pri_priestcoif_pl|Noblemans Coif
itm_fat_wyman_style|Fat Noblemans Tunic
itm_fat_wyman_style_pl|Fat Noblemans Tunic
itm_heraldic_padded_cloth|Noblemans Heraldic Gambeson
itm_heraldic_padded_cloth_pl|Noblemans Heraldic Gambeson
itm_kuauik_volantis_style_1|Noblemans Robe
itm_kuauik_volantis_style_1_pl|Noblemans Robe
itm_kuauik_volantis_style_2|Noblemans Robe
itm_kuauik_volantis_style_2_pl|Noblemans Robe
itm_kuauik_volantis_style_3|Noblemans Robe
itm_kuauik_volantis_style_3_pl|Noblemans Robe
itm_kuauik_volantis_style_4|Noblemans Robe
itm_kuauik_volantis_style_4_pl|Noblemans Robe
itm_kuauik_volantis_style_5|Noblemans Robe
itm_kuauik_volantis_style_5_pl|Noblemans Robe
itm_nobleman_f_outfit_robeish_1|Noblemans Robe
itm_nobleman_f_outfit_robeish_1_pl|Noblemans Robe
itm_nobleman_f_outfit_vale_1|Noblemans Doublet
itm_nobleman_f_outfit_vale_1_pl|Noblemans Doublet
itm_nobleman_f_outfit_vale_2|Noblemans Doublet
itm_nobleman_f_outfit_vale_2_pl|Noblemans Doublet
itm_nobleman_f_outfit_reach_1|Noblemans Doublet
itm_nobleman_f_outfit_reach_1_pl|Noblemans Doublet
itm_nobleman_f_outfit_reach_2|Noblemans Doublet
itm_nobleman_f_outfit_reach_2_pl|Noblemans Doublet
itm_nobleman_f_outfit_reach_3|Noblemans Doublet
itm_nobleman_f_outfit_reach_3_pl|Noblemans Doublet
itm_nobleman_f_outfit_3|Noblemans Doublet
itm_nobleman_f_outfit_3_pl|Noblemans Doublet
itm_nobleman_f_outfit_5|Noblemans Doublet
itm_nobleman_f_outfit_5_pl|Noblemans Doublet
itm_nobleman_f_outfit_6|Noblemans Doublet
itm_nobleman_f_outfit_6_pl|Noblemans Doublet
itm_nobleman_f_outfit_7|Noblemans Doublet
itm_nobleman_f_outfit_7_pl|Noblemans Doublet
itm_nobleman_f_outfit_8|Noblemans Doublet
itm_nobleman_f_outfit_8_pl|Noblemans Doublet
itm_nobleman_f_outfit_9|Noblemans Doublet
itm_nobleman_f_outfit_9_pl|Noblemans Doublet
itm_nobleman_f_outfit_12|Noblemans Doublet
itm_nobleman_f_outfit_12_pl|Noblemans Doublet
itm_helmet_f_black_1|Noblemans Hat
itm_helmet_f_black_1_pl|Noblemans Hat
itm_helmet_f_black_2|Noblemans Hat
itm_helmet_f_black_2_pl|Noblemans Hat
itm_helmet_f_black_3|Noblemans Hat
itm_helmet_f_black_3_pl|Noblemans Hat
itm_helmet_f_black_4|Noblemans Hat
itm_helmet_f_black_4_pl|Noblemans Hat
itm_helmet_f_black_5|Noblemans Hat
itm_helmet_f_black_5_pl|Noblemans Hat
itm_helmet_f_black_6|Noblemans Hat
itm_helmet_f_black_6_pl|Noblemans Hat
itm_helmet_f_red_1|Noblemans Hat
itm_helmet_f_red_1_pl|Noblemans Hat
itm_helmet_f_leather_1|Noblemans Hat
itm_helmet_f_leather_1_pl|Noblemans Hat
itm_helmet_f_leather_2|Noblemans Hat
itm_helmet_f_leather_2_pl|Noblemans Hat
itm_helmet_f_leather_3|Noblemans Hat
itm_helmet_f_leather_3_pl|Noblemans Hat
itm_helmet_f_leather_4|Noblemans Hat
itm_helmet_f_leather_4_pl|Noblemans Hat
itm_helmet_f_leather_5|Noblemans Hat
itm_helmet_f_leather_5_pl|Noblemans Hat
itm_helmet_f_leather_6|Noblemans Hat
itm_helmet_f_leather_6_pl|Noblemans Hat
itm_nobleman_f_shoes_1|Leather Shoes
itm_nobleman_f_shoes_1_pl|Leather Shoes
itm_nobleman_f_shoes_2|Leather Shoes
itm_nobleman_f_shoes_2_pl|Leather Shoes
itm_nobleman_f_shoes_3|Leather Shoes
itm_nobleman_f_shoes_3_pl|Leather Shoes
itm_nobleman_f_shoes_4|Leather Shoes
itm_nobleman_f_shoes_4_pl|Leather Shoes
itm_nobleman_f_shoes_5|Leather Shoes
itm_nobleman_f_shoes_5_pl|Leather Shoes
itm_nobleman_f_shoes_6|Leather Shoes
itm_nobleman_f_shoes_6_pl|Leather Shoes
itm_noblemans_white_tunic_1|Noblemans White Tunic
itm_noblemans_white_tunic_1_pl|Noblemans White Tunic
itm_noblemans_white_tunic_2|Noblemans White Tunic
itm_noblemans_white_tunic_2_pl|Noblemans White Tunic
itm_noblemans_white_tunic_3|Noblemans White Tunic
itm_noblemans_white_tunic_3_pl|Noblemans White Tunic
itm_noblemans_white_tunic_4|Noblemans White Tunic
itm_noblemans_white_tunic_4_pl|Noblemans White Tunic
itm_noblemans_white_tunic_5|Noblemans White Tunic
itm_noblemans_white_tunic_5_pl|Noblemans White Tunic
itm_noblemans_white_tunic_6|Noblemans White Tunic
itm_noblemans_white_tunic_6_pl|Noblemans White Tunic
itm_noblemans_black_tunic_1|Noblemans Black Tunic
itm_noblemans_black_tunic_1_pl|Noblemans Black Tunic
itm_noblemans_black_tunic_2|Noblemans Black Tunic
itm_noblemans_black_tunic_2_pl|Noblemans Black Tunic
itm_noblemans_black_tunic_3|Noblemans Black Tunic
itm_noblemans_black_tunic_3_pl|Noblemans Black Tunic
itm_noblemans_black_tunic_4|Noblemans Black Tunic
itm_noblemans_black_tunic_4_pl|Noblemans Black Tunic
itm_noblemans_black_tunic_5|Noblemans Black Tunic
itm_noblemans_black_tunic_5_pl|Noblemans Black Tunic
itm_noblemans_black_tunic_6|Noblemans Black Tunic
itm_noblemans_black_tunic_6_pl|Noblemans Black Tunic
itm_noblemans_leather_tunic_1|Noblemans Leather Jerkin
itm_noblemans_leather_tunic_1_pl|Noblemans Leather Jerkin
itm_noblemans_leather_tunic_2|Noblemans Leather Jerkin
itm_noblemans_leather_tunic_2_pl|Noblemans Leather Jerkin
itm_noblemans_leather_tunic_3|Noblemans Leather Jerkin
itm_noblemans_leather_tunic_3_pl|Noblemans Leather Jerkin
itm_noblemans_vale_tunic_1|Noblemans Cloth
itm_noblemans_vale_tunic_1_pl|Noblemans Cloth
itm_noblemans_vale_tunic_2|Noblemans Cloth
itm_noblemans_vale_tunic_2_pl|Noblemans Cloth
itm_noblemans_vale_jerkin_1|Noblemans Leather Jerkin
itm_noblemans_vale_jerkin_1_pl|Noblemans Leather Jerkin
itm_noblemans_vale_jerkin_2|Noblemans Leather Jerkin
itm_noblemans_vale_jerkin_2_pl|Noblemans Leather Jerkin
itm_lysa_style_2|Northerner Court Dress
itm_lysa_style_2_pl|Northerner Court Dress
itm_lysa_style_3|Northerner Court Dress
itm_lysa_style_3_pl|Northerner Court Dress
itm_lysa_style_4|Northerner Court Dress
itm_lysa_style_4_pl|Northerner Court Dress
itm_lysa_style_5|Lysas Court Dress
itm_lysa_style_5_pl|Lysas Court Dress
itm_barkeeper_1|Peasants Dress
itm_barkeeper_1_pl|Peasants Dress
itm_sansa_style_1|Southrons Court Dress
itm_sansa_style_1_pl|Southrons Court Dress
itm_sansa_style_2|Southrons Court Dress
itm_sansa_style_2_pl|Southrons Court Dress
itm_sansa_style_3|Southrons Court Dress
itm_sansa_style_3_pl|Southrons Court Dress
itm_sansa_style_4|Southrons Court Dress
itm_sansa_style_4_pl|Southrons Court Dress
itm_sansa_style_5|Southrons Court Dress
itm_sansa_style_5_pl|Southrons Court Dress
itm_sansa_style_6|Southrons Court Dress
itm_sansa_style_6_pl|Southrons Court Dress
itm_sansa_style_7|Sansas Court Dress
itm_sansa_style_7_pl|Sansas Court Dress
itm_dornish_1|Dornish Court Dress
itm_dornish_1_pl|Dornish Court Dress
itm_dornish_2|Dornish Court Dress
itm_dornish_2_pl|Dornish Court Dress
itm_dornish_3|Dornish Court Dress
itm_dornish_3_pl|Dornish Court Dress
itm_dornish_4|Dornish Court Dress
itm_dornish_4_pl|Dornish Court Dress
itm_dornish_5|Dornish Court Dress
itm_dornish_5_pl|Dornish Court Dress
itm_cersei_style_1|Southron Court Dress
itm_cersei_style_1_pl|Southron Court Dress
itm_cersei_style_2|Southron Court Dress
itm_cersei_style_2_pl|Southron Court Dress
itm_cersei_style_3|Southron Court Dress
itm_cersei_style_3_pl|Southron Court Dress
itm_cersei_style_4|Cerseis Court Dress
itm_cersei_style_4_pl|Cerseis Court Dress
itm_margaery_style_1|Southron Court Dress
itm_margaery_style_1_pl|Southron Court Dress
itm_margaery_style_2|Southron Court Dress
itm_margaery_style_2_pl|Southron Court Dress
itm_margaery_style_3|Southron Court Dress
itm_margaery_style_3_pl|Southron Court Dress
itm_margaery_style_4|Margaerys Court Dress
itm_margaery_style_4_pl|Margaerys Court Dress
itm_margaery_style_5|Southron Court Dress
itm_margaery_style_5_pl|Southron Court Dress
itm_margaery_style_6|Southron Court Dress
itm_margaery_style_6_pl|Southron Court Dress
itm_generic_gambeson_1|Gambeson
itm_generic_gambeson_1_pl|Gambeson
itm_generic_gambeson_2|Gambeson
itm_generic_gambeson_2_pl|Gambeson
itm_generic_gambeson_3|Gambeson
itm_generic_gambeson_3_pl|Gambeson
itm_generic_gambeson_4|Gambeson
itm_generic_gambeson_4_pl|Gambeson
itm_generic_gambeson_5|Gambeson
itm_generic_gambeson_5_pl|Gambeson
itm_generic_gambeson_6|Gambeson
itm_generic_gambeson_6_pl|Gambeson
itm_generic_gambeson_7|Gambeson
itm_generic_gambeson_7_pl|Gambeson
itm_generic_reinforced_gambeson_1|Reinforced Gambeson
itm_generic_reinforced_gambeson_1_pl|Reinforced Gambeson
itm_generic_reinforced_gambeson_2|Reinforced Gambeson
itm_generic_reinforced_gambeson_2_pl|Reinforced Gambeson
itm_generic_reinforced_gambeson_3|Reinforced Gambeson
itm_generic_reinforced_gambeson_3_pl|Reinforced Gambeson
itm_generic_mail_robe_1|Chain Mail Hauberk
itm_generic_mail_robe_1_pl|Chain Mail Hauberk
itm_generic_mail_robe_2|Chain Mail Hauberk
itm_generic_mail_robe_2_pl|Chain Mail Hauberk
itm_generic_surcoat_1|Surcoat over Mail
itm_generic_surcoat_1_pl|Surcoat over Mail
itm_generic_surcoat_2|Surcoat over Mail
itm_generic_surcoat_2_pl|Surcoat over Mail
itm_generic_surcoat_3|Surcoat over Mail
itm_generic_surcoat_3_pl|Surcoat over Mail
itm_new_throwing_daggers|Throwing Daggers
itm_new_throwing_daggers_pl|Throwing Daggers
itm_grenade_fragments|Wildfire Pot Fragments
itm_grenade_fragments_pl|Wildfire Pot Fragments
itm_player_grenade|Pot of Wildfire
itm_player_grenade_pl|Pot of Wildfire
itm_gold_cloak_grenade|Pot of Wildfire
itm_gold_cloak_grenade_pl|Pot of Wildfire
itm_items_end|Items End
itm_items_end_pl|Items End
