; itm_no_item|INVALID ITEM
; itm_no_item_pl|INVALID ITEM
itm_tutorial_spear|Mızrak
itm_tutorial_spear_pl|Mızrak
itm_tutorial_club|Sopa
itm_tutorial_club_pl|Sopa
itm_tutorial_battle_axe|Muharebe Baltası
itm_tutorial_battle_axe_pl|Muharebe Baltası
itm_tutorial_arrows|Ok
itm_tutorial_arrows_pl|Ok
itm_tutorial_bolts|Kundaklı Yay Oku
itm_tutorial_bolts_pl|Kundaklı Yay Oku
itm_tutorial_short_bow|Kısa Yay
itm_tutorial_short_bow_pl|Kısa Yay
itm_tutorial_crossbow|Kundaklı Yay
itm_tutorial_crossbow_pl|Kundaklı Yay
itm_tutorial_throwing_daggers|Fırlatma Hançeri
itm_tutorial_throwing_daggers_pl|Fırlatma Hançeri
itm_tutorial_saddle_horse|Binek Atı
itm_tutorial_saddle_horse_pl|Binek Atı
; itm_tutorial_shield|Kite Shield
; itm_tutorial_shield_pl|Kite Shield
; itm_tutorial_staff_no_attack|Staff
; itm_tutorial_staff_no_attack_pl|Staff
; itm_tutorial_staff|Staff
; itm_tutorial_staff_pl|Staff
; itm_tutorial_sword|Sword
; itm_tutorial_sword_pl|Sword
; itm_tutorial_axe|Axe
; itm_tutorial_axe_pl|Axe
; itm_tutorial_dagger|Dagger
; itm_tutorial_dagger_pl|Dagger
; itm_horse_meat|Horse Meat
; itm_horse_meat_pl|Horse Meat
; itm_practice_lance|Tourney Lance
; itm_practice_lance_pl|Tourney Lance
; itm_practice_axe|Blunt Tourney Axe
; itm_practice_axe_pl|Blunt Tourney Axe
; itm_practice_dagger|Blunt Tourney Mace
; itm_practice_dagger_pl|Blunt Tourney Mace
; itm_practice_staff|Blunt Tourney Sword
; itm_practice_staff_pl|Blunt Tourney Sword
; itm_practice_sword|Blunt Tourney Sword
; itm_practice_sword_pl|Blunt Tourney Sword
; itm_practice_sword_heavy|Blunt Tourney Mace
; itm_practice_sword_heavy_pl|Blunt Tourney Mace
; itm_practice_arrows|Blunt Tourney Sword
; itm_practice_arrows_pl|Blunt Tourney Sword
; itm_practice_arrows_10_amount|Blunt Tourney Sword
; itm_practice_arrows_10_amount_pl|Blunt Tourney Sword
; itm_practice_arrows_100_amount|Blunt Tourney Sword
; itm_practice_arrows_100_amount_pl|Blunt Tourney Sword
; itm_practice_bolts|Blunt Tourney Sword
; itm_practice_bolts_pl|Blunt Tourney Sword
; itm_practice_bolts_9_amount|Blunt Tourney Mace
; itm_practice_bolts_9_amount_pl|Blunt Tourney Mace
; itm_practice_bow|Tourney Lance
; itm_practice_bow_pl|Tourney Lance
; itm_practice_crossbow|Tourney Lance
; itm_practice_crossbow_pl|Tourney Lance
; itm_practice_javelin|Tourney Lance
; itm_practice_javelin_pl|Tourney Lance
; itm_practice_javelin_melee|Tourney Lance
; itm_practice_javelin_melee_pl|Tourney Lance
; itm_practice_throwing_daggers|Blunt Tourney Mace
; itm_practice_throwing_daggers_pl|Blunt Tourney Mace
; itm_practice_throwing_daggers_100_amount|Blunt Tourney Mace
; itm_practice_throwing_daggers_100_amount_pl|Blunt Tourney Mace
; itm_practice_boots|Practice Boots
; itm_practice_boots_pl|Practice Boots
; itm_practice_horse|Practice Horse
; itm_practice_horse_pl|Practice Horse
; itm_practice_shield|Practice Shield
; itm_practice_shield_pl|Practice Shield
; itm_book_tactics|A Compendium on the Blackfyre Rebellions
; itm_book_tactics_pl|A Compendium on the Blackfyre Rebellions
; itm_book_persuasion|The Conquest of Dorne
; itm_book_persuasion_pl|The Conquest of Dorne
; itm_book_leadership|Life of Aegon the Conqueror
; itm_book_leadership_pl|Life of Aegon the Conqueror
; itm_book_intelligence|Essay on Logic by Grand Maester Gerardys
; itm_book_intelligence_pl|Essay on Logic by Grand Maester Gerardys
; itm_book_trade|A History of the Iron Bank of Braavos
; itm_book_trade_pl|A History of the Iron Bank of Braavos
; itm_book_weapon_mastery|On the Art of Fighting with Swords
; itm_book_weapon_mastery_pl|On the Art of Fighting with Swords
; itm_book_engineering|The War of Volantene Aggression
; itm_book_engineering_pl|The War of Volantene Aggression
; itm_book_necronomicon|The Great Book of Magic
; itm_book_necronomicon_pl|The Great Book of Magic
; itm_book_bible|The Seven-Pointed Star
; itm_book_bible_pl|The Seven-Pointed Star
; itm_book_prisoner_management|The Diary of Gralmaq mo Eraz
; itm_book_prisoner_management_pl|The Diary of Gralmaq mo Eraz
; itm_book_spotting_reference|Wonders Made by Man
; itm_book_spotting_reference_pl|Wonders Made by Man
; itm_book_first_aid_reference|A Short Treatise on the Great Spring Sickness
; itm_book_first_aid_reference_pl|A Short Treatise on the Great Spring Sickness
; itm_book_pathfinding_reference|Map of the Known World
; itm_book_pathfinding_reference_pl|Map of the Known World
; itm_book_wound_treatment_reference|The Book of Healing
; itm_book_wound_treatment_reference_pl|The Book of Healing
; itm_book_training_reference|On the Unsullied
; itm_book_training_reference_pl|On the Unsullied
; itm_book_surgery_reference|On the Citadel and Surgery
; itm_book_surgery_reference_pl|On the Citadel and Surgery
; itm_book_trade_ledger|Merchant's Ledger
; itm_book_trade_ledger_pl|Merchant's Ledger
; itm_trade_spice|Spice
; itm_trade_spice_pl|Spice
; itm_trade_salt|Salt
; itm_trade_salt_pl|Salt
; itm_trade_oil|Oil
; itm_trade_oil_pl|Oil
; itm_trade_pottery|Pottery
; itm_trade_pottery_pl|Pottery
; itm_trade_raw_flax|Flax Bundle
; itm_trade_raw_flax_pl|Flax Bundle
; itm_trade_linen|Linen
; itm_trade_linen_pl|Linen
; itm_trade_wool|Wool
; itm_trade_wool_pl|Wool
; itm_trade_wool_cloth|Wool Cloth
; itm_trade_wool_cloth_pl|Wool Cloth
; itm_trade_raw_silk|Raw Silk
; itm_trade_raw_silk_pl|Raw Silk
; itm_trade_raw_dyes|Dyes
; itm_trade_raw_dyes_pl|Dyes
; itm_trade_velvet|Velvet
; itm_trade_velvet_pl|Velvet
; itm_trade_iron|Iron
; itm_trade_iron_pl|Iron
; itm_trade_tools|Tools
; itm_trade_tools_pl|Tools
; itm_trade_raw_leather|Hides
; itm_trade_raw_leather_pl|Hides
; itm_trade_leatherwork|Leatherwork
; itm_trade_leatherwork_pl|Leatherwork
; itm_trade_raw_date_fruit|Date Fruit
; itm_trade_raw_date_fruit_pl|Date Fruit
; itm_trade_furs|Furs
; itm_trade_furs_pl|Furs
; itm_trade_wine|Wine
; itm_trade_wine_pl|Wine
; itm_trade_ale|Ale
; itm_trade_ale_pl|Ale
; itm_trade_smoked_fish|Smoked Fish
; itm_trade_smoked_fish_pl|Smoked Fish
; itm_trade_cheese|Cheese
; itm_trade_cheese_pl|Cheese
; itm_trade_honey|Honey
; itm_trade_honey_pl|Honey
; itm_trade_sausages|Sausages
; itm_trade_sausages_pl|Sausages
; itm_trade_cabbages|Cabbages
; itm_trade_cabbages_pl|Cabbages
; itm_trade_dried_meat|Dried Meat
; itm_trade_dried_meat_pl|Dried Meat
; itm_trade_apples|Fruit
; itm_trade_apples_pl|Fruit
; itm_trade_raw_grapes|Grapes
; itm_trade_raw_grapes_pl|Grapes
; itm_trade_raw_olives|Olives
; itm_trade_raw_olives_pl|Olives
; itm_trade_grain|Grain
; itm_trade_grain_pl|Grain
; itm_trade_cattle_meat|Beef
; itm_trade_cattle_meat_pl|Beef
; itm_trade_bread|Bread
; itm_trade_bread_pl|Bread
; itm_trade_chicken|Chicken
; itm_trade_chicken_pl|Chicken
; itm_trade_pork|Pork
; itm_trade_pork_pl|Pork
; itm_trade_butter|Butter
; itm_trade_butter_pl|Butter
; itm_lumber|Lumber
; itm_lumber_pl|Lumber
; itm_trade_dummy01|Dummy item 1
; itm_trade_dummy01_pl|Dummy item 1
; itm_trade_dummy02|Dummy item 2
; itm_trade_dummy02_pl|Dummy item 2
; itm_trade_dummy03|Dummy item 3
; itm_trade_dummy03_pl|Dummy item 3
; itm_trade_dummy04|Dummy item 4
; itm_trade_dummy04_pl|Dummy item 4
; itm_trade_dummy05|Dummy item 5
; itm_trade_dummy05_pl|Dummy item 5
; itm_trade_dummy06|Dummy item 6
; itm_trade_dummy06_pl|Dummy item 6
; itm_trade_dummy07|Dummy item 7
; itm_trade_dummy07_pl|Dummy item 7
; itm_trade_dummy08|Dummy item 8
; itm_trade_dummy08_pl|Dummy item 8
; itm_trade_dummy09|Dummy item 9
; itm_trade_dummy09_pl|Dummy item 9
; itm_trade_dummy10|Dummy item 10
; itm_trade_dummy10_pl|Dummy item 10
; itm_trade_dummy11|Dummy item 11
; itm_trade_dummy11_pl|Dummy item 11
; itm_trade_dummy12|Dummy item 12
; itm_trade_dummy12_pl|Dummy item 12
; itm_trade_dummy13|Dummy item 13
; itm_trade_dummy13_pl|Dummy item 13
; itm_trade_dummy14|Dummy item 14
; itm_trade_dummy14_pl|Dummy item 14
; itm_trade_dummy15|Dummy item 15
; itm_trade_dummy15_pl|Dummy item 15
; itm_trade_dummy16|Dummy item 16
; itm_trade_dummy16_pl|Dummy item 16
; itm_trade_dummy17|Dummy item 17
; itm_trade_dummy17_pl|Dummy item 17
; itm_trade_dummy18|Dummy item 18
; itm_trade_dummy18_pl|Dummy item 18
; itm_trade_dummy19|Dummy item 19
; itm_trade_dummy19_pl|Dummy item 19
; itm_trade_dummy20|Dummy item 20
; itm_trade_dummy20_pl|Dummy item 20
; itm_dragon_coin|Gold Dragon
; itm_dragon_coin_pl|Gold Dragon
; itm_dragon_coin_many|Gold Dragons
; itm_dragon_coin_many_pl|Gold Dragons
; itm_honor|Gold Honor
; itm_honor_pl|Gold Honor
; itm_honor_many|Gold Honors
; itm_honor_many_pl|Gold Honors
; itm_groat|Groat
; itm_groat_pl|Groat
; itm_groat_many|Groats
; itm_groat_many_pl|Groats
; itm_ring_1|Gold Ring
; itm_ring_1_pl|Gold Ring
; itm_ring_2|Gold Ring
; itm_ring_2_pl|Gold Ring
; itm_ring_3|Gold Ring
; itm_ring_3_pl|Gold Ring
; itm_ring_4|Silver Ring
; itm_ring_4_pl|Silver Ring
; itm_ring_5|Silver Ring
; itm_ring_5_pl|Silver Ring
; itm_asshai_saffron|Saffron
; itm_asshai_saffron_pl|Saffron
; itm_asshai_myrrh|Myrrh
; itm_asshai_myrrh_pl|Myrrh
; itm_asshai_cinnamon|Cinnamon
; itm_asshai_cinnamon_pl|Cinnamon
; itm_qarth_saffron|Saffron
; itm_qarth_saffron_pl|Saffron
; itm_qarth_pepper|Pepper
; itm_qarth_pepper_pl|Pepper
; itm_qarth_cardamom|Cardamom
; itm_qarth_cardamom_pl|Cardamom
; itm_zamettar_nutmeg|Nutmeg
; itm_zamettar_nutmeg_pl|Nutmeg
; itm_zamettar_curry|Curry
; itm_zamettar_curry_pl|Curry
; itm_zamettar_anise|Anise
; itm_zamettar_anise_pl|Anise
; itm_moraq_cloves|Cloves
; itm_moraq_cloves_pl|Cloves
; itm_moraq_spiceflower|Spiceflower
; itm_moraq_spiceflower_pl|Spiceflower
; itm_moraq_persimmon_seeds|Persimmon Seeds
; itm_moraq_persimmon_seeds_pl|Persimmon Seeds
; itm_mysterious_spices1|Mysterious Spices
; itm_mysterious_spices1_pl|Mysterious Spices
; itm_mysterious_spices2|Mysterious Spices
; itm_mysterious_spices2_pl|Mysterious Spices
; itm_mysterious_spices3|Mysterious Spices
; itm_mysterious_spices3_pl|Mysterious Spices
; itm_mysterious_sword1|Mysterious Sword
; itm_mysterious_sword1_pl|Mysterious Sword
; itm_mysterious_sword2|Mysterious Sword
; itm_mysterious_sword2_pl|Mysterious Sword
; itm_mysterious_sword3|Mysterious Sword
; itm_mysterious_sword3_pl|Mysterious Sword
; itm_huge_ruby|Large Ruby
; itm_huge_ruby_pl|Large Ruby
; itm_carved_tusk|Carved Tusk
; itm_carved_tusk_pl|Carved Tusk
; itm_gold_goblet|Gold Goblet
; itm_gold_goblet_pl|Gold Goblet
; itm_gold_nugget|Gold Nugget
; itm_gold_nugget_pl|Gold Nugget
; itm_event_rabbit|Rabbit
; itm_event_rabbit_pl|Rabbit
; itm_siege_supply|Supplies
; itm_siege_supply_pl|Supplies
; itm_quest_wine|Local Wine
; itm_quest_wine_pl|Local Wine
; itm_quest_ale|Local Ale
; itm_quest_ale_pl|Local Ale
; itm_ho_swa_saddle_black|Courser
; itm_ho_swa_saddle_black_pl|Courser
; itm_ho_swa_destrier_black|Courser
; itm_ho_swa_destrier_black_pl|Courser
; itm_ho_vae_saddle_feather|Courser
; itm_ho_vae_saddle_feather_pl|Courser
; itm_ho_vae_rus_brown|Courser
; itm_ho_vae_rus_brown_pl|Courser
; itm_ho_khe_steppe_brownpainted|Courser
; itm_ho_khe_steppe_brownpainted_pl|Courser
; itm_ho_nor_mule|Mule
; itm_ho_nor_mule_pl|Mule
; itm_ho_nor_courser_greysteel|Courser
; itm_ho_nor_courser_greysteel_pl|Courser
; itm_ho_rho_donkey_brown|Courser
; itm_ho_rho_donkey_brown_pl|Courser
; itm_ho_rho_rouncy_brown|Courser
; itm_ho_rho_rouncy_brown_pl|Courser
; itm_ho_sar_camel_bactrian|Camel
; itm_ho_sar_camel_bactrian_pl|Camel
; itm_ho_pla_sumpter_white|Sumpter Horse
; itm_ho_pla_sumpter_white_pl|Sumpter Horse
; itm_we_swa_axe_hatchet|Hatchet
; itm_we_swa_axe_hatchet_pl|Hatchet
; itm_we_swa_axe_voulge|Pole Cleaver
; itm_we_swa_axe_voulge_pl|Pole Cleaver
; itm_we_vae_axe_bardiche|Long Poleaxe
; itm_we_vae_axe_bardiche_pl|Long Poleaxe
; itm_we_vae_blunt_club|Club
; itm_we_vae_blunt_club_pl|Club
; itm_we_swa_blunt_club_long|Long Spiked Club
; itm_we_swa_blunt_club_long_pl|Long Spiked Club
; itm_we_vae_blunt_maul|Maul
; itm_we_vae_blunt_maul_pl|Maul
; itm_we_vae_blunt_sledgehammer|Sledgehammer
; itm_we_vae_blunt_sledgehammer_pl|Sledgehammer
; itm_we_vae_blunt_greathammer|Peasants Mace
; itm_we_vae_blunt_greathammer_pl|Peasants Mace
; itm_we_swa_spear_glaive_small|Small Glaive
; itm_we_swa_spear_glaive_small_pl|Small Glaive
; itm_we_swa_spear_glaive|Glaive
; itm_we_swa_spear_glaive_pl|Glaive
; itm_we_swa_spear_bill_english|Bill
; itm_we_swa_spear_bill_english_pl|Bill
; itm_we_vae_spear_scythe|Scythe
; itm_we_vae_spear_scythe_pl|Scythe
; itm_we_vae_spear_scythe_shortened|Shortened Military Scythe
; itm_we_vae_spear_scythe_shortened_pl|Shortened Military Scythe
; itm_we_vae_spear_polehammer|Spear
; itm_we_vae_spear_polehammer_pl|Spear
; itm_we_khe_spear_staff|Spear
; itm_we_khe_spear_staff_pl|Spear
; itm_we_khe_spear_bamboolong|Spear
; itm_we_khe_spear_bamboolong_pl|Spear
; itm_we_khe_spear_nagita|Spear
; itm_we_khe_spear_nagita_pl|Spear
; itm_we_khe_spear_haftedblade|Spear
; itm_we_khe_spear_haftedblade_pl|Spear
; itm_we_rho_spear_fork_pitch|Pitch Fork
; itm_we_rho_spear_fork_pitch_pl|Pitch Fork
; itm_we_rho_spear_fork_military|Military Fork
; itm_we_rho_spear_fork_military_pl|Military Fork
; itm_we_rho_spear_fork_battle|Battle Fork
; itm_we_rho_spear_fork_battle_pl|Battle Fork
; itm_we_sar_spear_staff|Staff
; itm_we_sar_spear_staff_pl|Staff
; itm_we_sar_spear_staff_quarter|Quarter Staff
; itm_we_sar_spear_staff_quarter_pl|Quarter Staff
; itm_we_sar_spear_staff_iron|Iron Staff
; itm_we_sar_spear_staff_iron_pl|Iron Staff
; itm_we_sar_spear_lance|Hooked Glaive
; itm_we_sar_spear_lance_pl|Hooked Glaive
; itm_we_vae_sword_sickle|Sickle
; itm_we_vae_sword_sickle_pl|Sickle
; itm_we_vae_sword_cleaver_military|Military Cleaver
; itm_we_vae_sword_cleaver_military_pl|Military Cleaver
; itm_we_rho_sword_rondeldagger|Short Sword
; itm_we_rho_sword_rondeldagger_pl|Short Sword
; itm_we_swa_sword_crusader|Long Sword
; itm_we_swa_sword_crusader_pl|Long Sword
; itm_we_swa_sword_clamshell_claymore|Long Sword
; itm_we_swa_sword_clamshell_claymore_pl|Long Sword
; itm_we_swa_sword_twohanded_claymore|Great Sword
; itm_we_swa_sword_twohanded_claymore_pl|Great Sword
; itm_gregors_great_sword|Gregors Great Sword
; itm_gregors_great_sword_pl|Gregors Great Sword
; itm_we_vae_sword_cleaverwar|War Cleaver
; itm_we_vae_sword_cleaverwar_pl|War Cleaver
; itm_we_khe_sword_sabre|Great Sword
; itm_we_khe_sword_sabre_pl|Great Sword
; itm_we_nor_sword_danish_great|Great Sword
; itm_we_nor_sword_danish_great_pl|Great Sword
; itm_we_rho_sword_estoc|Heartsbane
; itm_we_rho_sword_estoc_pl|Heartsbane
; itm_we_rho_sword_great|Great Sword
; itm_we_rho_sword_great_pl|Great Sword
; itm_we_rho_sword_great_long|Long Sword
; itm_we_rho_sword_great_long_pl|Long Sword
; itm_we_sar_sword_scimitarbastard|Poleaxe
; itm_we_sar_sword_scimitarbastard_pl|Poleaxe
; itm_we_sar_sword_scimitartwolarge|Bill
; itm_we_sar_sword_scimitartwolarge_pl|Bill
; itm_we_pla_sword_strange_great|Arming Sword
; itm_we_pla_sword_strange_great_pl|Arming Sword
; itm_we_pla_sword_zweilander|Poleaxe
; itm_we_pla_sword_zweilander_pl|Poleaxe
; itm_we_pla_sword_zweilander_flaming|Poleaxe
; itm_we_pla_sword_zweilander_flaming_pl|Poleaxe
; itm_we_pla_sword_great_four|Halberd
; itm_we_pla_sword_great_four_pl|Halberd
; itm_we_swa_arrow_steel|Steel Arrows
; itm_we_swa_arrow_steel_pl|Steel Arrows
; itm_we_vae_arrow_sharp|Sharp Arrows
; itm_we_vae_arrow_sharp_pl|Sharp Arrows
; itm_we_nor_arrow_bodkin|Bodkin Arrows
; itm_we_nor_arrow_bodkin_pl|Bodkin Arrows
; itm_we_nor_arrow_barbed|Barbed Arrows
; itm_we_nor_arrow_barbed_pl|Barbed Arrows
; itm_we_rho_bolt|Bolts
; itm_we_rho_bolt_pl|Bolts
; itm_we_rho_bolt_steel|Steel Bolts
; itm_we_rho_bolt_steel_pl|Steel Bolts
; itm_we_sar_arrow_sarranid|Dornish Arrows
; itm_we_sar_arrow_sarranid_pl|Dornish Arrows
; itm_we_sar_arrow_desert|Dornish Gromite Arrows
; itm_we_sar_arrow_desert_pl|Dornish Gromite Arrows
; itm_we_pla_arrow|Arrows
; itm_we_pla_arrow_pl|Arrows
; itm_we_pla_arrow_amazon|Dornish Bodkin Arrows
; itm_we_pla_arrow_amazon_pl|Dornish Bodkin Arrows
; itm_we_swa_bow_practice|Hunting Bow
; itm_we_swa_bow_practice_pl|Hunting Bow
; itm_we_swa_bow_straight|Bow
; itm_we_swa_bow_straight_pl|Bow
; itm_we_swa_bow_long|Long Bow
; itm_we_swa_bow_long_pl|Long Bow
; itm_we_vae_bow_war|War Bow
; itm_we_vae_bow_war_pl|War Bow
; itm_we_khe_bow_practice|Practice Bow
; itm_we_khe_bow_practice_pl|Practice Bow
; itm_we_nor_bow_hunting|Hunting Bow
; itm_we_nor_bow_hunting_pl|Hunting Bow
; itm_we_nor_bow|Bow
; itm_we_nor_bow_pl|Bow
; itm_we_rho_crossbow_hunting|Hunting Crossbow
; itm_we_rho_crossbow_hunting_pl|Hunting Crossbow
; itm_we_rho_crossbow|Crossbow
; itm_we_rho_crossbow_pl|Crossbow
; itm_we_rho_crossbow_siege|Heavy Crossbow
; itm_we_rho_crossbow_siege_pl|Heavy Crossbow
; itm_we_sar_bow_practice|Practice Bow
; itm_we_sar_bow_practice_pl|Practice Bow
; itm_we_sar_bow_recurved|Recurved Bow
; itm_we_sar_bow_recurved_pl|Recurved Bow
; itm_we_swa_throw_stone|Stones
; itm_we_swa_throw_stone_pl|Stones
; itm_we_khe_throw_stone|Stones
; itm_we_khe_throw_stone_pl|Stones
; itm_we_nor_throw_stone|Stones
; itm_we_nor_throw_stone_pl|Stones
; itm_we_rho_throw_stone|Stones
; itm_we_rho_throw_stone_pl|Stones
; itm_we_sar_spear_javelin|Javelins
; itm_we_sar_spear_javelin_pl|Javelins
; itm_we_sar_spear_javelin_melee|Short Spear
; itm_we_sar_spear_javelin_melee_pl|Short Spear
; itm_we_sar_spear_throwing_spears|Throwing Spears
; itm_we_sar_spear_throwing_spears_pl|Throwing Spears
; itm_we_sar_spear_throwing_spear_melee|Short Spear
; itm_we_sar_spear_throwing_spear_melee_pl|Short Spear
; itm_we_sar_spear_jarid|Jarids
; itm_we_sar_spear_jarid_pl|Jarids
; itm_we_sar_spear_jarid_melee|Short Spear
; itm_we_sar_spear_jarid_melee_pl|Short Spear
; itm_we_sar_throw_stone|Stones
; itm_we_sar_throw_stone_pl|Stones
; itm_ar_vae_t7_elite_b|Heavy Lamellar Plate Armor
; itm_ar_vae_t7_elite_b_pl|Heavy Lamellar Plate Armor
; itm_ar_khe_t2_armor_a|Fur Armor
; itm_ar_khe_t2_armor_a_pl|Fur Armor
; itm_ar_khe_t6_tunic_a|Heavy Dornish Armor
; itm_ar_khe_t6_tunic_a_pl|Heavy Dornish Armor
; itm_ar_nor_t7_vikingbyrnie_a|Decorated Chain Mail Hauberk
; itm_ar_nor_t7_vikingbyrnie_a_pl|Decorated Chain Mail Hauberk
; itm_ar_rho_ban_highlander_a|Clansmans Outfit
; itm_ar_rho_ban_highlander_a_pl|Clansmans Outfit
; itm_ar_rho_t4_highlander_a|Clansmans Lamellar Armor
; itm_ar_rho_t4_highlander_a_pl|Clansmans Lamellar Armor
; itm_ar_sar_t7_fullplate_a|Clansman Noblemans Tunic
; itm_ar_sar_t7_fullplate_a_pl|Clansman Noblemans Tunic
; itm_ar_pla_t6_heraldic_a|Heraldic Heavy Plate Armor
; itm_ar_pla_t6_heraldic_a_pl|Heraldic Heavy Plate Armor
; itm_ar_swa_shi_linen|Brown Robe
; itm_ar_swa_shi_linen_pl|Brown Robe
; itm_ar_swa_tun_tabard|Expensive Tunic
; itm_ar_swa_tun_tabard_pl|Expensive Tunic
; itm_brown_robe|Brown Robe
; itm_brown_robe_pl|Brown Robe
; itm_ar_rho_shi_capegreen|Clansman Noblemans Tunic
; itm_ar_rho_shi_capegreen_pl|Clansman Noblemans Tunic
; itm_ar_pla_pri_pilgrimdisguise|Disguise
; itm_ar_pla_pri_pilgrimdisguise_pl|Disguise
; itm_dress_general_bride|Bride Dress
; itm_dress_general_bride_pl|Bride Dress
; itm_bo_gen_t0_bride_shoes|Bride Shoes
; itm_bo_gen_t0_bride_shoes_pl|Bride Shoes
; itm_bo_swa_t4_sandal|Plated Sandals
; itm_bo_swa_t4_sandal_pl|Plated Sandals
; itm_bo_swa_t6_mail|Plated Mail Boots
; itm_bo_swa_t6_mail_pl|Plated Mail Boots
; itm_bo_vae_t2_shoes|Shoes
; itm_bo_vae_t2_shoes_pl|Shoes
; itm_bo_vae_t3_leather|Leather Boots
; itm_bo_vae_t3_leather_pl|Leather Boots
; itm_bo_vae_t4_shoes|Leather Plated Shoes
; itm_bo_vae_t4_shoes_pl|Leather Plated Shoes
; itm_bo_khe_t0_sandal|Mail Boots
; itm_bo_khe_t0_sandal_pl|Mail Boots
; itm_bo_khe_t2_boots|Leather Boots
; itm_bo_khe_t2_boots_pl|Leather Boots
; itm_bo_khe_t4_sandal|Leather Boots
; itm_bo_khe_t4_sandal_pl|Leather Boots
; itm_bo_khe_t6_mail|Plated Leather Boots
; itm_bo_khe_t6_mail_pl|Plated Leather Boots
; itm_bo_nor_t2_shoes|Leather Boots
; itm_bo_nor_t2_shoes_pl|Leather Boots
; itm_bo_rho_t3_highlander|Fur Boots
; itm_bo_rho_t3_highlander_pl|Fur Boots
; itm_bo_rho_t4_greaves|Splinted Greaves
; itm_bo_rho_t4_greaves_pl|Splinted Greaves
; itm_bo_rho_t5_greaves|Splinted Mail Greaves
; itm_bo_rho_t5_greaves_pl|Splinted Mail Greaves
; itm_bo_sar_t4_camel|Woolen Hoses
; itm_bo_sar_t4_camel_pl|Woolen Hoses
; itm_bo_sar_t6_mail|Shoes
; itm_bo_sar_t6_mail_pl|Shoes
; itm_bo_sar_t7_greaves|Shoes
; itm_bo_sar_t7_greaves_pl|Shoes
; itm_bo_pla_str_samurai|Shoes
; itm_bo_pla_str_samurai_pl|Shoes
; itm_bo_pla_t1_priest|Leather Boots
; itm_bo_pla_t1_priest_pl|Leather Boots
; itm_bo_pla_t2_ankle|Leather Boots
; itm_bo_pla_t2_ankle_pl|Leather Boots
; itm_bo_pla_t5_highlander|Mail Boots
; itm_bo_pla_t5_highlander_pl|Mail Boots
; itm_bo_pla_t7_greaves|Plate Boots
; itm_bo_pla_t7_greaves_pl|Plate Boots
; itm_ga_swa_a4_plate|Plate Mittens
; itm_ga_swa_a4_plate_pl|Plate Mittens
; itm_ga_swa_a6_plate|Plate Gauntlets
; itm_ga_swa_a6_plate_pl|Plate Gauntlets
; itm_ga_vae_a5_mail|Mail Gauntlets
; itm_ga_vae_a5_mail_pl|Mail Gauntlets
; itm_ga_vae_a6_black|Iron Gauntlets
; itm_ga_vae_a6_black_pl|Iron Gauntlets
; itm_ga_khe_a5_armor|Lamellar Gloves
; itm_ga_khe_a5_armor_pl|Lamellar Gloves
; itm_ga_khe_a6_lamellar|Lamellar Gloves
; itm_ga_khe_a6_lamellar_pl|Lamellar Gloves
; itm_ga_rho_a2_leather|Leather Gloves
; itm_ga_rho_a2_leather_pl|Leather Gloves
; itm_ga_rho_a5_bnw|Decorated Plate Gauntlets
; itm_ga_rho_a5_bnw_pl|Decorated Plate Gauntlets
; itm_ga_rho_a6_hourglass|Iron Gauntlets
; itm_ga_rho_a6_hourglass_pl|Iron Gauntlets
; itm_ga_pla_a5_iron|Plate Gauntlets
; itm_ga_pla_a5_iron_pl|Plate Gauntlets
; itm_he_gen_lad_bride_crown|Wimple Top
; itm_he_gen_lad_bride_crown_pl|Wimple Top
; itm_he_swa_lad_common_a|White Headcloth
; itm_he_swa_lad_common_a_pl|White Headcloth
; itm_he_swa_lad_lady_a|Turret Hat
; itm_he_swa_lad_lady_a_pl|Turret Hat
; itm_he_swa_t1_common_a|Common Hood
; itm_he_swa_t1_common_a_pl|Common Hood
; itm_he_swa_t1_noble_a|Arming Cap
; itm_he_swa_t1_noble_a_pl|Arming Cap
; itm_he_vae_lad_lady_a|Barbette
; itm_he_vae_lad_lady_a_pl|Barbette
; itm_he_vae_t1_common_a|Felt Hat
; itm_he_vae_t1_common_a_pl|Felt Hat
; itm_he_vae_t1_noble_a|Noblemans Top Hat
; itm_he_vae_t1_noble_a_pl|Noblemans Top Hat
; itm_he_khe_lad_common_a|Leather Cap
; itm_he_khe_lad_common_a_pl|Leather Cap
; itm_he_nor_lad_common_a|Wimple Top
; itm_he_nor_lad_common_a_pl|Wimple Top
; itm_he_nor_lad_lady_a|Wimple Hat
; itm_he_nor_lad_lady_a_pl|Wimple Hat
; itm_he_nor_t1_common_a|Woolen Cap
; itm_he_nor_t1_common_a_pl|Woolen Cap
; itm_he_rho_lad_common_a|Lady's Hood
; itm_he_rho_lad_common_a_pl|Lady's Hood
; itm_he_rho_lad_lady_a|Turret Hat
; itm_he_rho_lad_lady_a_pl|Turret Hat
; itm_he_pla_pri_noel|Boar Helmet
; itm_he_pla_pri_noel_pl|Boar Helmet
; itm_he_pla_pri_priestcoif|Noblemans Coif
; itm_he_pla_pri_priestcoif_pl|Noblemans Coif
; itm_he_pla_pri_surgeoncoif|Septons Coif
; itm_he_pla_pri_surgeoncoif_pl|Septons Coif
; itm_he_swa_t2_coif_a|Padded Coif
; itm_he_swa_t2_coif_a_pl|Padded Coif
; itm_he_swa_t3_helmet_a|Goat Helmet
; itm_he_swa_t3_helmet_a_pl|Goat Helmet
; itm_he_swa_t4_bascinet_a|Straw Hat
; itm_he_swa_t4_bascinet_a_pl|Straw Hat
; itm_he_vae_t6_warhelmet_a|Felt Hat
; itm_he_vae_t6_warhelmet_a_pl|Felt Hat
; itm_he_vae_t7_warmask_a|Great Helmet
; itm_he_vae_t7_warmask_a_pl|Great Helmet
; itm_he_vae_t7_warmask_b|Leather Cap
; itm_he_vae_t7_warmask_b_pl|Leather Cap
; itm_he_khe_t2_steppe_a|Leather Fur Cap
; itm_he_khe_t2_steppe_a_pl|Leather Fur Cap
; itm_he_khe_t3_steppe_a|Leather Helmet
; itm_he_khe_t3_steppe_a_pl|Leather Helmet
; itm_he_khe_t4_war_a|Hounskull Helmet
; itm_he_khe_t4_war_a_pl|Hounskull Helmet
; itm_he_khe_t5_neck_a|Great Helmet
; itm_he_khe_t5_neck_a_pl|Great Helmet
; itm_he_nor_t2_spangen_a|Nasal Helmet
; itm_he_nor_t2_spangen_a_pl|Nasal Helmet
; itm_he_nor_t3_valsgarde_a|Nasal Helmet
; itm_he_nor_t3_valsgarde_a_pl|Nasal Helmet
; itm_he_nor_t5_valsgarde_a|Nasal Helmet
; itm_he_nor_t5_valsgarde_a_pl|Nasal Helmet
; itm_he_rho_t2_beret_a|Leather Cap
; itm_he_rho_t2_beret_a_pl|Leather Cap
; itm_he_rho_t4_kettle_a|Noblemans Fur Helmet
; itm_he_rho_t4_kettle_a_pl|Noblemans Fur Helmet
; itm_he_rho_t5_kettle_a|Nasal Helmet
; itm_he_rho_t5_kettle_a_pl|Nasal Helmet
; itm_he_pla_t7_gerulfingen|Armet
; itm_he_pla_t7_gerulfingen_pl|Armet
; itm_he_pla_t7_crusader_a|Sallet
; itm_he_pla_t7_crusader_a_pl|Sallet
; itm_he_pla_t7_crusader_b|Armet
; itm_he_pla_t7_crusader_b_pl|Armet
; itm_sh_swa_rou_bandit_a|Clansmans Shield
; itm_sh_swa_rou_bandit_a_pl|Clansmans Shield
; itm_sh_swa_hea_plain|Kite Shield
; itm_sh_swa_hea_plain_pl|Kite Shield
; itm_sh_swa_kit_horseman|Horsemans Kite Shield
; itm_sh_swa_kit_horseman_pl|Horsemans Kite Shield
; itm_sh_swa_hea_horseman|Horsemans Heater Shield
; itm_sh_swa_hea_horseman_pl|Horsemans Heater Shield
; itm_sh_vae_kit_old|Old Kite Shield
; itm_sh_vae_kit_old_pl|Old Kite Shield
; itm_sh_vae_kit_plain|Plain Kite Shield
; itm_sh_vae_kit_plain_pl|Plain Kite Shield
; itm_sh_vae_kit_heavy|Heavy Kite Shield
; itm_sh_vae_kit_heavy_pl|Heavy Kite Shield
; itm_sh_khe_rou_old|Old Round Shield
; itm_sh_khe_rou_old_pl|Old Round Shield
; itm_sh_khe_rou_plain|Plain Round Shield
; itm_sh_khe_rou_plain_pl|Plain Round Shield
; itm_sh_khe_rou_round|Round Shield
; itm_sh_khe_rou_round_pl|Round Shield
; itm_sh_khe_rou_heavy|Heavy Round Shield
; itm_sh_khe_rou_heavy_pl|Heavy Round Shield
; itm_sh_nor_rou_small_b|Round Shield
; itm_sh_nor_rou_small_b_pl|Round Shield
; itm_sh_nor_rou_medium_b|Round Shield
; itm_sh_nor_rou_medium_b_pl|Round Shield
; itm_sh_nor_rou_large_b|Round Shield
; itm_sh_nor_rou_large_b_pl|Round Shield
; itm_sh_rho_rou_bandit_a|Clansmans Shield
; itm_sh_rho_rou_bandit_a_pl|Clansmans Shield
; itm_sh_sar_rou_plain|Plain Round Shield
; itm_sh_sar_rou_plain_pl|Plain Round Shield
; itm_sh_sar_rou_round|Round Shield
; itm_sh_sar_rou_round_pl|Round Shield
; itm_sh_sar_rou_elite|Heavy Round Shield
; itm_sh_sar_rou_elite_pl|Heavy Round Shield
; itm_sh_sar_rou_mamluk|Elite Round Shield
; itm_sh_sar_rou_mamluk_pl|Elite Round Shield
; itm_sh_pla_pav_plain|Plain Pavise
; itm_sh_pla_pav_plain_pl|Plain Pavise
; itm_sh_pla_pav_heavy|Heavy Pavise
; itm_sh_pla_pav_heavy_pl|Heavy Pavise
; itm_heraldic_shirt|Noblemans Heraldic Tunic
; itm_heraldic_shirt_pl|Noblemans Heraldic Tunic
; itm_heraldic_light_mail_and_plate|Heraldic Chain Mail Hauberk
; itm_heraldic_light_mail_and_plate_pl|Heraldic Chain Mail Hauberk
; itm_heraldic_cuir_bouilli|Heraldic Heavy Leather Armor
; itm_heraldic_cuir_bouilli_pl|Heraldic Heavy Leather Armor
; itm_heraldic_padded_cloth|Heraldic Padded Tunic
; itm_heraldic_padded_cloth_pl|Heraldic Padded Tunic
; itm_cor_herald|Heraldic Heavy Plate Armor
; itm_cor_herald_pl|Heraldic Heavy Plate Armor
; itm_heraldic_cozur_1|Heraldic Chain Mail Hauberk
; itm_heraldic_cozur_1_pl|Heraldic Chain Mail Hauberk
; itm_heraldic_cozur_2|Heraldic Chain Mail Hauberk
; itm_heraldic_cozur_2_pl|Heraldic Chain Mail Hauberk
; itm_heraldic_cozur_3|Heraldic Heavy Plate Armor
; itm_heraldic_cozur_3_pl|Heraldic Heavy Plate Armor
; itm_mail_long_surcoat_new_heraldic|Heraldic Chain Mail Hauberk
; itm_mail_long_surcoat_new_heraldic_pl|Heraldic Chain Mail Hauberk
; itm_brigandine_b_heraldic|Heraldic Chain Mail Hauberk
; itm_brigandine_b_heraldic_pl|Heraldic Chain Mail Hauberk
; itm_heraldic_tunic_new|Heraldic Chain Mail Hauberk
; itm_heraldic_tunic_new_pl|Heraldic Chain Mail Hauberk
; itm_braavosi_sword|Arming Sword
; itm_braavosi_sword_pl|Arming Sword
; itm_frenchpepperpot2|Top Helmet with Faceplate
; itm_frenchpepperpot2_pl|Top Helmet with Faceplate
; itm_frenchpepperpot3|Top Helmet with Faceplate
; itm_frenchpepperpot3_pl|Top Helmet with Faceplate
; itm_munitionshelm2|Helmet with Faceplate
; itm_munitionshelm2_pl|Helmet with Faceplate
; itm_conichelm|Conical Helmet
; itm_conichelm_pl|Conical Helmet
; itm_pepperpothelm1|Top Helmet with Faceplate
; itm_pepperpothelm1_pl|Top Helmet with Faceplate
; itm_normanpepperpot|Conical Helmet with Faceplate
; itm_normanpepperpot_pl|Conical Helmet with Faceplate
; itm_munitionshelm1|Helmet with Faceplate
; itm_munitionshelm1_pl|Helmet with Faceplate
; itm_crownedhelm|Stannis Baratheons Crown
; itm_crownedhelm_pl|Stannis Baratheons Crown
; itm_frenchpepperpot|Top Helmet with Faceplate
; itm_frenchpepperpot_pl|Top Helmet with Faceplate
; itm_flattophelmet|Top Helmet
; itm_flattophelmet_pl|Top Helmet
; itm_chionite_hat_b|Woolen Cap
; itm_chionite_hat_b_pl|Woolen Cap
; itm_clansman_cloth_1|Clansmans Tunic
; itm_clansman_cloth_1_pl|Clansmans Tunic
; itm_clansman_cloth_2|Clansmans Tunic
; itm_clansman_cloth_2_pl|Clansmans Tunic
; itm_clansman_cloth_3|Clansmans Tunic
; itm_clansman_cloth_3_pl|Clansmans Tunic
; itm_clansman_lamellar_1|Clansmans Lamellar Armor
; itm_clansman_lamellar_1_pl|Clansmans Lamellar Armor
; itm_clansman_lamellar_2|Clansmans Lamellar Armor
; itm_clansman_lamellar_2_pl|Clansmans Lamellar Armor
; itm_clansman_fur_armor_1|Clansmans Heavy Fur Armor
; itm_clansman_fur_armor_1_pl|Clansmans Heavy Fur Armor
; itm_clansman_fur_armor_2|Clansmans Heavy Fur Armor
; itm_clansman_fur_armor_2_pl|Clansmans Heavy Fur Armor
; itm_bigod_spurs|Plate Boots
; itm_bigod_spurs_pl|Plate Boots
; itm_brienne_spurs|Plate Boots
; itm_brienne_spurs_pl|Plate Boots
; itm_bohunhelm|Tournament Great Helmet
; itm_bohunhelm_pl|Tournament Great Helmet
; itm_henryv_helm|Aegon Targaryens Crowned Great Helmet
; itm_henryv_helm_pl|Aegon Targaryens Crowned Great Helmet
; itm_longshanks_helm|Renly Baratheons Crowned Great Helmet
; itm_longshanks_helm_pl|Renly Baratheons Crowned Great Helmet
; itm_kau_mail_b|Chain Mail Hauberk
; itm_kau_mail_b_pl|Chain Mail Hauberk
; itm_kau_mail_shirt_a|Padded Tunic
; itm_kau_mail_shirt_a_pl|Padded Tunic
; itm_kau_padded_mail_a|Padded Tunic
; itm_kau_padded_mail_a_pl|Padded Tunic
; itm_byz_helmet_a|Nasal Helmet
; itm_byz_helmet_a_pl|Nasal Helmet
; itm_archer_a|Peasants Tunic
; itm_archer_a_pl|Peasants Tunic
; itm_militia_tunic_a|Peasants Tunic
; itm_militia_tunic_a_pl|Peasants Tunic
; itm_peasant_b|Peasants Tunic
; itm_peasant_b_pl|Peasants Tunic
; itm_peasant_c|Peasants Tunic
; itm_peasant_c_pl|Peasants Tunic
; itm_peasant_man_b|Peasants Tunic
; itm_peasant_man_b_pl|Peasants Tunic
; itm_peasant_outfit_a|Peasants Tunic
; itm_peasant_outfit_a_pl|Peasants Tunic
; itm_gambeson_a|Gambeson
; itm_gambeson_a_pl|Gambeson
; itm_flattop_a|Top Helmet
; itm_flattop_a_pl|Top Helmet
; itm_varangian_helmet|Cataphract Helmet
; itm_varangian_helmet_pl|Cataphract Helmet
; itm_seljuk_archer_cap|Noblemans Fur Hat
; itm_seljuk_archer_cap_pl|Noblemans Fur Hat
; itm_cuman_cap_d|Noblemans Fur Hat
; itm_cuman_cap_d_pl|Noblemans Fur Hat
; itm_andalusianskirmisher_armor|Heavy Leather Jerkin
; itm_andalusianskirmisher_armor_pl|Heavy Leather Jerkin
; itm_gaelic_mail_shirt_a|Chain Mail Hauberk
; itm_gaelic_mail_shirt_a_pl|Chain Mail Hauberk
; itm_galloglass_padded|Chain Mail Hauberk
; itm_galloglass_padded_pl|Chain Mail Hauberk
; itm_lit_segmented_helmet|Great Helmet
; itm_lit_segmented_helmet_pl|Great Helmet
; itm_cuman_cap_a|Noblemans Fur Hat
; itm_cuman_cap_a_pl|Noblemans Fur Hat
; itm_cuman_cap_b|Noblemans Fur Hat
; itm_cuman_cap_b_pl|Noblemans Fur Hat
; itm_liv_tunic_a|Faith Militant Tunic
; itm_liv_tunic_a_pl|Faith Militant Tunic
; itm_teu_postulant|Chain Mail Hauberk
; itm_teu_postulant_pl|Chain Mail Hauberk
; itm_mackie_dagger|Valyrian Dagger
; itm_mackie_dagger_pl|Valyrian Dagger
; itm_mackie_bearded_axe|Two-Handed Axe
; itm_mackie_bearded_axe_pl|Two-Handed Axe
; itm_mackie_beefsplitter01|Peasants Beefsplitter
; itm_mackie_beefsplitter01_pl|Peasants Beefsplitter
; itm_mackie_beefsplitter02|Peasants Beefsplitter
; itm_mackie_beefsplitter02_pl|Peasants Beefsplitter
; itm_mackie_celtic_axe|Two-Handed Axe
; itm_mackie_celtic_axe_pl|Two-Handed Axe
; itm_mackie_tomahawk|One-Handed Axe
; itm_mackie_tomahawk_pl|One-Handed Axe
; itm_mackie_varangian_axe|One-Handed Axe
; itm_mackie_varangian_axe_pl|One-Handed Axe
; itm_mackie_voulge|Voulge
; itm_mackie_voulge_pl|Voulge
; itm_mackie_godenak|War Cleaver
; itm_mackie_godenak_pl|War Cleaver
; itm_mackie_morning_star_long|Long Hafted Spiked Mace
; itm_mackie_morning_star_long_pl|Long Hafted Spiked Mace
; itm_coif|Mail Coif
; itm_coif_pl|Mail Coif
; itm_kettlehatfacebyrnie|Kettle Hat
; itm_kettlehatfacebyrnie_pl|Kettle Hat
; itm_kettlehat1|Kettle Hat
; itm_kettlehat1_pl|Kettle Hat
; itm_kettlehat2|Kettle Hat
; itm_kettlehat2_pl|Kettle Hat
; itm_col1_kettlehat1|Bascinet
; itm_col1_kettlehat1_pl|Bascinet
; itm_col1_kettlehat2|Bascinet
; itm_col1_kettlehat2_pl|Bascinet
; itm_byzantion|Pointy Kettle Hat
; itm_byzantion_pl|Pointy Kettle Hat
; itm_col1_byzantion|Pointy Kettle Hat
; itm_col1_byzantion_pl|Pointy Kettle Hat
; itm_aketon|Aketon
; itm_aketon_pl|Aketon
; itm_brigandine_green|Brigandine Armor
; itm_brigandine_green_pl|Brigandine Armor
; itm_brigandine_red|Brigandine Armor
; itm_brigandine_red_pl|Brigandine Armor
; itm_brigandine_blue|Brigandine Armor
; itm_brigandine_blue_pl|Brigandine Armor
; itm_brigandine_green_mail|Mailed Brigandine Armor
; itm_brigandine_green_mail_pl|Mailed Brigandine Armor
; itm_brigandine_red_mail|Mailed Brigandine Armor
; itm_brigandine_red_mail_pl|Mailed Brigandine Armor
; itm_brigandine_blue_mail|Mailed Brigandine Armor
; itm_brigandine_blue_mail_pl|Mailed Brigandine Armor
; itm_narf_hose|Woolen Hose
; itm_narf_hose_pl|Woolen Hose
; itm_hose_kneecops_red|Reinforced Woolen Hose
; itm_hose_kneecops_red_pl|Reinforced Woolen Hose
; itm_hose_kneecops_green|Reinforced Woolen Hose
; itm_hose_kneecops_green_pl|Reinforced Woolen Hose
; itm_courserdapple|Courser
; itm_courserdapple_pl|Courser
; itm_courserbay1|Courser
; itm_courserbay1_pl|Courser
; itm_courserbay2|Courser
; itm_courserbay2_pl|Courser
; itm_courserbay3|Courser
; itm_courserbay3_pl|Courser
; itm_destrierdapple|Destrier
; itm_destrierdapple_pl|Destrier
; itm_destrierbay1|Destrier
; itm_destrierbay1_pl|Destrier
; itm_destrierbay2|Destrier
; itm_destrierbay2_pl|Destrier
; itm_destrierbay3|Destrier
; itm_destrierbay3_pl|Destrier
; itm_nomad_cap_b_new|Leather Cap
; itm_nomad_cap_b_new_pl|Leather Cap
; itm_leather_cap_a_new|Leather Cap
; itm_leather_cap_a_new_pl|Leather Cap
; itm_leather_steppe_cap_a_new|Leather Cap
; itm_leather_steppe_cap_a_new_pl|Leather Cap
; itm_black_khergit_armor_new|Fur Armor
; itm_black_khergit_armor_new_pl|Fur Armor
; itm_black_nomad_armor_new|Fur Armor
; itm_black_nomad_armor_new_pl|Fur Armor
; itm_brass_shield2|Round Bronze Shield
; itm_brass_shield2_pl|Round Bronze Shield
; itm_dec_steel_shield|Round Silver Shield
; itm_dec_steel_shield_pl|Round Silver Shield
; itm_brass_mamluk_armor|Eastern Plate Armor
; itm_brass_mamluk_armor_pl|Eastern Plate Armor
; itm_militia_tunic_a2|Peasants Tunic with Cloak
; itm_militia_tunic_a2_pl|Peasants Tunic with Cloak
; itm_peasant_b2|Peasants Tunic with Cloak
; itm_peasant_b2_pl|Peasants Tunic with Cloak
; itm_peasant_c2|Peasants Tunic with Cloak
; itm_peasant_c2_pl|Peasants Tunic with Cloak
; itm_peasant_outfit_a2|Peasants Tunic with Cloak
; itm_peasant_outfit_a2_pl|Peasants Tunic with Cloak
; itm_norman_sword|Arming Sword
; itm_norman_sword_pl|Arming Sword
; itm_senlac|Arming Sword
; itm_senlac_pl|Arming Sword
; itm_norman_sverd|Arming Sword
; itm_norman_sverd_pl|Arming Sword
; itm_gaddhjalt|Arming Sword
; itm_gaddhjalt_pl|Arming Sword
; itm_norman_short_hauberk|Chain Mail Hauberk
; itm_norman_short_hauberk_pl|Chain Mail Hauberk
; itm_norman_short_hauberk_blue|Chain Mail Hauberk
; itm_norman_short_hauberk_blue_pl|Chain Mail Hauberk
; itm_norman_short_hauberk_yellow|Chain Mail Hauberk
; itm_norman_short_hauberk_yellow_pl|Chain Mail Hauberk
; itm_nord_skirmisher_bge|Peasants Tunic
; itm_nord_skirmisher_bge_pl|Peasants Tunic
; itm_padded_jacket_fringed_bge|Padded Tunic
; itm_padded_jacket_fringed_bge_pl|Padded Tunic
; itm_padded_jacket_fringed_brn|Padded Tunic
; itm_padded_jacket_fringed_brn_pl|Padded Tunic
; itm_rough_padded_leather|Padded Tunic
; itm_rough_padded_leather_pl|Padded Tunic
; itm_rough_padded_leather_2|Padded Tunic
; itm_rough_padded_leather_2_pl|Padded Tunic
; itm_rough_padded_leather_3|Padded Tunic
; itm_rough_padded_leather_3_pl|Padded Tunic
; itm_surcoat_over_mail_swadian_f|Leather Surcoat over Mail
; itm_surcoat_over_mail_swadian_f_pl|Leather Surcoat over Mail
; itm_rathos_fluted_helmet|Fluted Helmet
; itm_rathos_fluted_helmet_pl|Fluted Helmet
; itm_inv_nikolskoe_helm|Cataphract Helmet
; itm_inv_nikolskoe_helm_pl|Cataphract Helmet
; itm_inv_tagancha_helm_a|Unsullied Nasal Helmet
; itm_inv_tagancha_helm_a_pl|Unsullied Nasal Helmet
; itm_kolchuga|Chain Mail Hauberk
; itm_kolchuga_pl|Chain Mail Hauberk
; itm_kolchuga_c|Chain Mail Hauberk
; itm_kolchuga_c_pl|Chain Mail Hauberk
; itm_short_rus_sword|Short Sword
; itm_short_rus_sword_pl|Short Sword
; itm_rus_cap|Coif
; itm_rus_cap_pl|Coif
; itm_rus_fur_hat|Fur Hat
; itm_rus_fur_hat_pl|Fur Hat
; itm_sword_rusty_a|Rusty Sword
; itm_sword_rusty_a_pl|Rusty Sword
; itm_the_stamford|Arming Sword
; itm_the_stamford_pl|Arming Sword
; itm_langsax|Long Knife
; itm_langsax_pl|Long Knife
; itm_saxon_leather_vest_blue|Leather Vest
; itm_saxon_leather_vest_blue_pl|Leather Vest
; itm_saxon_leather_vest_green|Leather Vest
; itm_saxon_leather_vest_green_pl|Leather Vest
; itm_saxon_leather_vest_red|Leather Vest
; itm_saxon_leather_vest_red_pl|Leather Vest
; itm_saxon_leather_vest_mail_green|Chain Mail Leather Vest
; itm_saxon_leather_vest_mail_green_pl|Chain Mail Leather Vest
; itm_saxon_leather_vest_mail_red|Chain Mail Leather Vest
; itm_saxon_leather_vest_mail_red_pl|Chain Mail Leather Vest
; itm_saxon_leather_vest_mail_blue|Chain Mail Leather Vest
; itm_saxon_leather_vest_mail_blue_pl|Chain Mail Leather Vest
; itm_saxon_cap|Coif
; itm_saxon_cap_pl|Coif
; itm_saxon_tunic_a|Peasants Tunic
; itm_saxon_tunic_a_pl|Peasants Tunic
; itm_crossbearer_cap|Septons Coif
; itm_crossbearer_cap_pl|Septons Coif
; itm_crossbearer|Septons Robe
; itm_crossbearer_pl|Septons Robe
; itm_red_priest|Red Priests Robe
; itm_red_priest_pl|Red Priests Robe
; itm_sonyer_saracen_2|Bascinet
; itm_sonyer_saracen_2_pl|Bascinet
; itm_leather_vest_brn|Leather Vest
; itm_leather_vest_brn_pl|Leather Vest
; itm_gambeson_trans|Gambeson
; itm_gambeson_trans_pl|Gambeson
; itm_churburg_13_mail|Heavy Plate Armor
; itm_churburg_13_mail_pl|Heavy Plate Armor
; itm_onion_top_bascinet|Hounskull Helmet
; itm_onion_top_bascinet_pl|Hounskull Helmet
; itm_battered_plainhelm|Old Nasal Helmet
; itm_battered_plainhelm_pl|Old Nasal Helmet
; itm_naglhelmet|Berserkers Nasal Helmet
; itm_naglhelmet_pl|Berserkers Nasal Helmet
; itm_viking_short_sword|Short Sword
; itm_viking_short_sword_pl|Short Sword
; itm_rundash|Round Steel Shield
; itm_rundash_pl|Round Steel Shield
; itm_wight_berserker_1|Wights Body
; itm_wight_berserker_1_pl|Wights Body
; itm_wight_berserker_2|Wights Body
; itm_wight_berserker_2_pl|Wights Body
; itm_wight_berserker_3|Wights Body
; itm_wight_berserker_3_pl|Wights Body
; itm_wight_fur_armor_1|Leather Armor
; itm_wight_fur_armor_1_pl|Leather Armor
; itm_wight_fur_armor_2|Heavy Fur Armor
; itm_wight_fur_armor_2_pl|Heavy Fur Armor
; itm_wight_face_1_1|Wight Head
; itm_wight_face_1_1_pl|Wight Head
; itm_wight_face_1_2|Wight Head
; itm_wight_face_1_2_pl|Wight Head
; itm_wight_face_1_3|Wight Head
; itm_wight_face_1_3_pl|Wight Head
; itm_wight_face_2_1|Wight Head
; itm_wight_face_2_1_pl|Wight Head
; itm_wight_face_2_2|Wight Head
; itm_wight_face_2_2_pl|Wight Head
; itm_wight_face_2_3|Wight Head
; itm_wight_face_2_3_pl|Wight Head
; itm_wight_face_helmet_1|Wight Helmet
; itm_wight_face_helmet_1_pl|Wight Helmet
; itm_wight_face_helmet_2|Wight Hat
; itm_wight_face_helmet_2_pl|Wight Hat
; itm_wight_face_helmet_3|Wight Hat
; itm_wight_face_helmet_3_pl|Wight Hat
; itm_wight_face_helmet_4|Wight Hat
; itm_wight_face_helmet_4_pl|Wight Hat
; itm_mace_knobbed|War Mace
; itm_mace_knobbed_pl|War Mace
; itm_mace_spiral|War Mace
; itm_mace_spiral_pl|War Mace
; itm_donkey|Donkey
; itm_donkey_pl|Donkey
; itm_kataphraktoi_2|Leather Jerkin
; itm_kataphraktoi_2_pl|Leather Jerkin
; itm_kataphraktoi_3|Heavy Lamellar Armor
; itm_kataphraktoi_3_pl|Heavy Lamellar Armor
; itm_kataphraktoi_4|Coat of Plates
; itm_kataphraktoi_4_pl|Coat of Plates
; itm_kataphraktoi_5|Coat of Plates
; itm_kataphraktoi_5_pl|Coat of Plates
; itm_brshield1|Gilded Round Shield
; itm_brshield1_pl|Gilded Round Shield
; itm_shortsword1|Short Sword
; itm_shortsword1_pl|Short Sword
; itm_cool_dagger|Dagger
; itm_cool_dagger_pl|Dagger
; itm_rus_mail_cozur|Chain Mail Hauberk
; itm_rus_mail_cozur_pl|Chain Mail Hauberk
; itm_sh_rho_pav_deploy_a|Heavy Lamellar Armor
; itm_sh_rho_pav_deploy_a_pl|Heavy Lamellar Armor
; itm_sh_rho_pav_deploy_b|Heavy Plate Armor
; itm_sh_rho_pav_deploy_b_pl|Heavy Plate Armor
; itm_sh_rho_pav_deploy_e|Plate Boots
; itm_sh_rho_pav_deploy_e_pl|Plate Boots
; itm_sh_rho_pav_deploy_f|Plate Boots
; itm_sh_rho_pav_deploy_f_pl|Plate Boots
; itm_arbalest|Arbalest
; itm_arbalest_pl|Arbalest
; itm_myrish_crossbow|Myrish Crossbow
; itm_myrish_crossbow_pl|Myrish Crossbow
; itm_espada_sword|Short Sword
; itm_espada_sword_pl|Short Sword
; itm_fi_tourney_helmet_2|Decorated Tournament Helmet
; itm_fi_tourney_helmet_2_pl|Decorated Tournament Helmet
; itm_fi_hood_1|Cloth Hood
; itm_fi_hood_1_pl|Cloth Hood
; itm_fi_hood_4|Leather Hood
; itm_fi_hood_4_pl|Leather Hood
; itm_fi_sallet_1|Visored Sallet
; itm_fi_sallet_1_pl|Visored Sallet
; itm_fi_sallet_2|Visored Sallet
; itm_fi_sallet_2_pl|Visored Sallet
; itm_fi_sallet_3|Open Sallet
; itm_fi_sallet_3_pl|Open Sallet
; itm_fi_great_bascinet|Great Bascinet
; itm_fi_great_bascinet_pl|Great Bascinet
; itm_fi_pigface|Pigface Klapvisor
; itm_fi_pigface_pl|Pigface Klapvisor
; itm_fi_cataphract_helmet_2|Cataphract Helmet
; itm_fi_cataphract_helmet_2_pl|Cataphract Helmet
; itm_cool_dagger_2|Dagger
; itm_cool_dagger_2_pl|Dagger
; itm_cool_dagger_3|Dagger
; itm_cool_dagger_3_pl|Dagger
; itm_cool_horse_1|Dornish Sand Steed
; itm_cool_horse_1_pl|Dornish Sand Steed
; itm_cool_horse_2|Dornish Sand Steed
; itm_cool_horse_2_pl|Dornish Sand Steed
; itm_cool_horse_5|Heavy Destrier
; itm_cool_horse_5_pl|Heavy Destrier
; itm_cool_horse_6|Heavy Destrier
; itm_cool_horse_6_pl|Heavy Destrier
; itm_cool_horse_7|Heavy Destrier
; itm_cool_horse_7_pl|Heavy Destrier
; itm_cool_horse_8|Heavy Destrier
; itm_cool_horse_8_pl|Heavy Destrier
; itm_cool_horse_9|Heavy Destrier
; itm_cool_horse_9_pl|Heavy Destrier
; itm_sandors_plate_armor|Sandors Heavy Plate Armor
; itm_sandors_plate_armor_pl|Sandors Heavy Plate Armor
; itm_sandors_boots|Sandors Plate Boots
; itm_sandors_boots_pl|Sandors Plate Boots
; itm_ilyns_leather_armor|Ilyns Leather Armor
; itm_ilyns_leather_armor_pl|Ilyns Leather Armor
; itm_kingsguard_armor|Kingsguard Armor
; itm_kingsguard_armor_pl|Kingsguard Armor
; itm_stormlands_sellsword_armor_1|Chain Mail Hauberk
; itm_stormlands_sellsword_armor_1_pl|Chain Mail Hauberk
; itm_dragonstone_sellsword_armor_2|Chain Mail Hauberk
; itm_dragonstone_sellsword_armor_2_pl|Chain Mail Hauberk
; itm_sellsword_armor_4|Chain Mail Hauberk
; itm_sellsword_armor_4_pl|Chain Mail Hauberk
; itm_fi_chain_mail_hauberk|Chain Mail Hauberk
; itm_fi_chain_mail_hauberk_pl|Chain Mail Hauberk
; itm_shagwells_armor|Chain Mail Hauberk
; itm_shagwells_armor_pl|Chain Mail Hauberk
; itm_sellsword_armor_3|Heavy Plate Armor
; itm_sellsword_armor_3_pl|Heavy Plate Armor
; itm_vale_sellsword_armor_5|Heavy Plate Armor
; itm_vale_sellsword_armor_5_pl|Heavy Plate Armor
; itm_sellsword_plate_armor_3|Heavy Plate Armor
; itm_sellsword_plate_armor_3_pl|Heavy Plate Armor
; itm_full_plate_armor_1|Heavy Plate Armor
; itm_full_plate_armor_1_pl|Heavy Plate Armor
; itm_full_plate_armor_2|Heavy Plate Armor
; itm_full_plate_armor_2_pl|Heavy Plate Armor
; itm_full_plate_armor_3|Heavy Plate Armor
; itm_full_plate_armor_3_pl|Heavy Plate Armor
; itm_fi_chain_mail_jerkin|Heavy Plate Armor
; itm_fi_chain_mail_jerkin_pl|Heavy Plate Armor
; itm_fi_massive_plate_armor|Heavy Plate Armor
; itm_fi_massive_plate_armor_pl|Heavy Plate Armor
; itm_fi_arryn_plate_armor_1|Heavy Plate Armor
; itm_fi_arryn_plate_armor_1_pl|Heavy Plate Armor
; itm_fi_dorne_plate_armor_1|Heavy Plate Armor
; itm_fi_dorne_plate_armor_1_pl|Heavy Plate Armor
; itm_fi_dorne_plate_armor_2|Heavy Plate Armor
; itm_fi_dorne_plate_armor_2_pl|Heavy Plate Armor
; itm_fi_reach_plate_armor_1|Heavy Plate Armor
; itm_fi_reach_plate_armor_1_pl|Heavy Plate Armor
; itm_fi_reach_plate_armor_2|Heavy Plate Armor
; itm_fi_reach_plate_armor_2_pl|Heavy Plate Armor
; itm_fi_reach_plate_armor_3|Heavy Plate Armor
; itm_fi_reach_plate_armor_3_pl|Heavy Plate Armor
; itm_fi_westerlands_plate_armor_1|Heavy Plate Armor
; itm_fi_westerlands_plate_armor_1_pl|Heavy Plate Armor
; itm_fi_stripped_leather_jerkin|Leather Jerkin
; itm_fi_stripped_leather_jerkin_pl|Leather Jerkin
; itm_fi_leather_jerkin_2|Leather Jerkin
; itm_fi_leather_jerkin_2_pl|Leather Jerkin
; itm_fi_leather_jerkin|Heavy Leather Jerkin
; itm_fi_leather_jerkin_pl|Heavy Leather Jerkin
; itm_fi_bronns_armor|Leather Jerkin
; itm_fi_bronns_armor_pl|Leather Jerkin
; itm_fi_green_leather_armor|Leather Jerkin
; itm_fi_green_leather_armor_pl|Leather Jerkin
; itm_plate_warhorse_1|Plated Warhorse
; itm_plate_warhorse_1_pl|Plated Warhorse
; itm_plate_warhorse_2|Plated Warhorse
; itm_plate_warhorse_2_pl|Plated Warhorse
; itm_andal_cataphract|Cataphract Warhorse
; itm_andal_cataphract_pl|Cataphract Warhorse
; itm_stormland_light|Gambeson
; itm_stormland_light_pl|Gambeson
; itm_sellsword_light|Leather Jerkin
; itm_sellsword_light_pl|Leather Jerkin
; itm_westerland_goldcloak|Gold Cloaks Chain Mail Hauberk
; itm_westerland_goldcloak_pl|Gold Cloaks Chain Mail Hauberk
; itm_westerland_goldcloak_cloaked|Gold Cloaks Chain Mail Hauberk
; itm_westerland_goldcloak_cloaked_pl|Gold Cloaks Chain Mail Hauberk
; itm_westerland_hound|Chain Mail Hauberk
; itm_westerland_hound_pl|Chain Mail Hauberk
; itm_nightswatch_a|Leather Jerkin
; itm_nightswatch_a_pl|Leather Jerkin
; itm_nightswatch_b|Leather Jerkin
; itm_nightswatch_b_pl|Leather Jerkin
; itm_nightswatch_c|Reinforced Leather Jerkin
; itm_nightswatch_c_pl|Reinforced Leather Jerkin
; itm_nightswatch_d|Lamellar Armor
; itm_nightswatch_d_pl|Lamellar Armor
; itm_north_archer|Leather Gambeson
; itm_north_archer_pl|Leather Gambeson
; itm_north_hunter|Leather Jerkin
; itm_north_hunter_pl|Leather Jerkin
; itm_north_heavycav|Heavy Leather Armor
; itm_north_heavycav_pl|Heavy Leather Armor
; itm_riverlands_light|Leather Scale Jerkin
; itm_riverlands_light_pl|Leather Scale Jerkin
; itm_riverlands_freyheavy|Leather Jerkin
; itm_riverlands_freyheavy_pl|Leather Jerkin
; itm_riverlands_freylight|Leather Jerkin
; itm_riverlands_freylight_pl|Leather Jerkin
; itm_riverlands_freylight_shoulders|Leather Jerkin
; itm_riverlands_freylight_shoulders_pl|Leather Jerkin
; itm_vale_heavy|Heavy Plate Armor
; itm_vale_heavy_pl|Heavy Plate Armor
; itm_vale_heavy_neck|Heavy Plate Armor
; itm_vale_heavy_neck_pl|Heavy Plate Armor
; itm_sellsword_jerkin|Leather Jerkin
; itm_sellsword_jerkin_pl|Leather Jerkin
; itm_sellsword_jerkin_neck|Leather Jerkin
; itm_sellsword_jerkin_neck_pl|Leather Jerkin
; itm_north_bolton_standard|Chain Mail Hauberk
; itm_north_bolton_standard_pl|Chain Mail Hauberk
; itm_north_bolton_heavy|Plated Chain Mail Hauberk
; itm_north_bolton_heavy_pl|Plated Chain Mail Hauberk
; itm_north_bolton_standard_cloaked|Chain Mail Hauberk
; itm_north_bolton_standard_cloaked_pl|Chain Mail Hauberk
; itm_north_bolton_lord|Boltons Plated Chain Mail Hauberk
; itm_north_bolton_lord_pl|Boltons Plated Chain Mail Hauberk
; itm_north_bolton_lord_cloaked|Boltons Chain Mail Hauberk
; itm_north_bolton_lord_cloaked_pl|Boltons Chain Mail Hauberk
; itm_north_karstark_01|Chain Mail Hauberk
; itm_north_karstark_01_pl|Chain Mail Hauberk
; itm_north_karstark_01_heavy|Plated Chain Mail Hauberk
; itm_north_karstark_01_heavy_pl|Plated Chain Mail Hauberk
; itm_north_karstark_01_cloaked|Chain Mail Hauberk
; itm_north_karstark_01_cloaked_pl|Chain Mail Hauberk
; itm_north_karstark_02|Chain Mail Hauberk
; itm_north_karstark_02_pl|Chain Mail Hauberk
; itm_north_light_01|Leather Jerkin
; itm_north_light_01_pl|Leather Jerkin
; itm_north_light_01_cloaked|Leather Jerkin
; itm_north_light_01_cloaked_pl|Leather Jerkin
; itm_north_light_02|Chain Mail Hauberk
; itm_north_light_02_pl|Chain Mail Hauberk
; itm_north_stark_captain_heavy|Plated Chain Mail Hauberk
; itm_north_stark_captain_heavy_pl|Plated Chain Mail Hauberk
; itm_north_stark_captain|Chain Mail Hauberk
; itm_north_stark_captain_pl|Chain Mail Hauberk
; itm_north_stark_captain_cloaked|Chain Mail Hauberk
; itm_north_stark_captain_cloaked_pl|Chain Mail Hauberk
; itm_north_stark_knight|Heavy Leather Jerkin
; itm_north_stark_knight_pl|Heavy Leather Jerkin
; itm_north_stark_heavy_knight|Heavy Plated Leather Jerkin
; itm_north_stark_heavy_knight_pl|Heavy Plated Leather Jerkin
; itm_north_stark_lord|Heavy Plated Leather Jerkin
; itm_north_stark_lord_pl|Heavy Plated Leather Jerkin
; itm_north_stark_standard|Heavy Leather Jerkin
; itm_north_stark_standard_pl|Heavy Leather Jerkin
; itm_north_stark_guardsman|Heavy Leather Jerkin
; itm_north_stark_guardsman_pl|Heavy Leather Jerkin
; itm_north_umbar|Umbers Heavy Leather Jerkin
; itm_north_umbar_pl|Umbers Heavy Leather Jerkin
; itm_north_umbar_cloaked|Umbers Heavy Leather Jerkin
; itm_north_umbar_cloaked_pl|Umbers Heavy Leather Jerkin
; itm_reach_loras|Heavy Plate Armor
; itm_reach_loras_pl|Heavy Plate Armor
; itm_reach_loras2|Heavy Plate Armor
; itm_reach_loras2_pl|Heavy Plate Armor
; itm_riverlands_blackfish|Chain Mail Hauberk
; itm_riverlands_blackfish_pl|Chain Mail Hauberk
; itm_riverlands_edmure|Edmures Chain Mail Hauberk
; itm_riverlands_edmure_pl|Edmures Chain Mail Hauberk
; itm_riverlands_frey_01|Leather Jerkin
; itm_riverlands_frey_01_pl|Leather Jerkin
; itm_riverlands_frey_01_neck|Heavy Leather Jerkin
; itm_riverlands_frey_01_neck_pl|Heavy Leather Jerkin
; itm_riverlands_frey_02|Leather Jerkin
; itm_riverlands_frey_02_pl|Leather Jerkin
; itm_riverlands_frey_02_neck|Heavy Leather Jerkin
; itm_riverlands_frey_02_neck_pl|Heavy Leather Jerkin
; itm_riverlands_heavy_no_shoulders|Chain Mail Hauberk
; itm_riverlands_heavy_no_shoulders_pl|Chain Mail Hauberk
; itm_riverlands_heavy|Chain Mail Hauberk
; itm_riverlands_heavy_pl|Chain Mail Hauberk
; itm_riverlands_heavy_neck|Heavy Chain Mail Hauberk
; itm_riverlands_heavy_neck_pl|Heavy Chain Mail Hauberk
; itm_riverlands_standard_01|Heavy Leather Jerkin
; itm_riverlands_standard_01_pl|Heavy Leather Jerkin
; itm_stormlands_brienne|Heavy Plate Armor
; itm_stormlands_brienne_pl|Heavy Plate Armor
; itm_stormlands_brienne2|Heavy Plate Armor
; itm_stormlands_brienne2_pl|Heavy Plate Armor
; itm_stormlands_renly|Renlys Reinforced Gambeson
; itm_stormlands_renly_pl|Renlys Reinforced Gambeson
; itm_westerlands_heavy|Light Plate Armor
; itm_westerlands_heavy_pl|Light Plate Armor
; itm_westerlands_heavy_lord|Tywins Heavy Plate Armor
; itm_westerlands_heavy_lord_pl|Tywins Heavy Plate Armor
; itm_westerlands_heavy_standard|Light Plate Armor
; itm_westerlands_heavy_standard_pl|Light Plate Armor
; itm_westerlands_hound|Light Plate Armor
; itm_westerlands_hound_pl|Light Plate Armor
; itm_westerlands_king|Lannister Heavy Plate Armor
; itm_westerlands_king_pl|Lannister Heavy Plate Armor
; itm_westerlands_lord_1|Light Plate Armor
; itm_westerlands_lord_1_pl|Light Plate Armor
; itm_westerlands_lord_2|Light Plate Armor
; itm_westerlands_lord_2_pl|Light Plate Armor
; itm_westerlands_light_01|Leather Jerkin
; itm_westerlands_light_01_pl|Leather Jerkin
; itm_westerlands_light_02|Leather Jerkin
; itm_westerlands_light_02_pl|Leather Jerkin
; itm_westerlands_polliver_01|Heavy Plated Leather Jerkin
; itm_westerlands_polliver_01_pl|Heavy Plated Leather Jerkin
; itm_westerlands_polliver_02|Heavy Leather Jerkin
; itm_westerlands_polliver_02_pl|Heavy Leather Jerkin
; itm_dragonstone_stannis|Chain Mail Hauberk
; itm_dragonstone_stannis_pl|Chain Mail Hauberk
; itm_dragonstone_stannis_court|Stannis Courtly Chain Mail Hauberk
; itm_dragonstone_stannis_court_pl|Stannis Courtly Chain Mail Hauberk
; itm_stormlands_renly_court|Renlys Courtly Chain Mail Hauberk
; itm_stormlands_renly_court_pl|Renlys Courtly Chain Mail Hauberk
; itm_westerlands_tywin_court|Tywins Courtly Chain Mail Hauberk
; itm_westerlands_tywin_court_pl|Tywins Courtly Chain Mail Hauberk
; itm_riverlands_blackfish_court|Blackfishs Courtly Chain Mail Hauberk
; itm_riverlands_blackfish_court_pl|Blackfishs Courtly Chain Mail Hauberk
; itm_riverlands_edmure_court|Edmures Courtly Chain Mail Hauberk
; itm_riverlands_edmure_court_pl|Edmures Courtly Chain Mail Hauberk
; itm_north_bolton_court|Boltons Courtly Chain Mail Hauberk
; itm_north_bolton_court_pl|Boltons Courtly Chain Mail Hauberk
; itm_north_karstark_court|Karstarks Courtly Chain Mail Hauberk
; itm_north_karstark_court_pl|Karstarks Courtly Chain Mail Hauberk
; itm_north_umber_court|Umbers Courtly Leather Armor
; itm_north_umber_court_pl|Umbers Courtly Leather Armor
; itm_north_robb_court|Robbs Courtly Chain Mail Hauberk
; itm_north_robb_court_pl|Robbs Courtly Chain Mail Hauberk
; itm_north_court_1|Northern Courtly Leather Jerkin
; itm_north_court_1_pl|Northern Courtly Leather Jerkin
; itm_north_court_2|Northern Courtly Leather Jerkin
; itm_north_court_2_pl|Northern Courtly Leather Jerkin
; itm_north_court_3|Northern Courtly Leather Jerkin
; itm_north_court_3_pl|Northern Courtly Leather Jerkin
; itm_riverlands_court_1|Riverlands Courtly Leather Jerkin
; itm_riverlands_court_1_pl|Riverlands Courtly Leather Jerkin
; itm_riverlands_court_2|Riverlands Courtly Leather Jerkin
; itm_riverlands_court_2_pl|Riverlands Courtly Leather Jerkin
; itm_riverlands_court_3|Riverlands Courtly Leather Jerkin
; itm_riverlands_court_3_pl|Riverlands Courtly Leather Jerkin
; itm_riverlands_court_4|Riverlands Courtly Leather Jerkin
; itm_riverlands_court_4_pl|Riverlands Courtly Leather Jerkin
; itm_westerland_helm|Lannister Helmet
; itm_westerland_helm_pl|Lannister Helmet
; itm_goldcloak_helm|Gold Cloak Helmet
; itm_goldcloak_helm_pl|Gold Cloak Helmet
; itm_kingsguard_helm|Kingsguard Helmet
; itm_kingsguard_helm_pl|Kingsguard Helmet
; itm_armor_baratheon|Heavy Plate Armor
; itm_armor_baratheon_pl|Heavy Plate Armor
; itm_bnw_armour_slashed|Light Plate Armor
; itm_bnw_armour_slashed_pl|Light Plate Armor
; itm_bnw_armour_slashed_full|Light Plate Armor
; itm_bnw_armour_slashed_full_pl|Light Plate Armor
; itm_bnw_armour_stripes|Light Plate Armor
; itm_bnw_armour_stripes_pl|Light Plate Armor
; itm_bnw_armour_stripes_full|Light Plate Armor
; itm_bnw_armour_stripes_full_pl|Light Plate Armor
; itm_pollivers_armor|Pollivers Armor
; itm_pollivers_armor_pl|Pollivers Armor
; itm_chiswycks_armor|Chiswycks Armor
; itm_chiswycks_armor_pl|Chiswycks Armor
; itm_dunsens_armor|Dunsens Armor
; itm_dunsens_armor_pl|Dunsens Armor
; itm_raffords_armor|Raffords Armor
; itm_raffords_armor_pl|Raffords Armor
; itm_ticklers_armor|Ticklers Armor
; itm_ticklers_armor_pl|Ticklers Armor
; itm_orphanmaker|Orphan-Maker
; itm_orphanmaker_pl|Orphan-Maker
; itm_coldbringer|Coldbringer
; itm_coldbringer_pl|Coldbringer
; itm_fi_lowlander_sword|Great Sword
; itm_fi_lowlander_sword_pl|Great Sword
; itm_greataxe_adjudgment|Bone-Breaker
; itm_greataxe_adjudgment_pl|Bone-Breaker
; itm_ssh_huscarl_armour|Victarions Heavy Plate Armor
; itm_ssh_huscarl_armour_pl|Victarions Heavy Plate Armor
; itm_kraken_mask|Kraken Helmet
; itm_kraken_mask_pl|Kraken Helmet
; itm_quaithe_mask|Laquered Mask
; itm_quaithe_mask_pl|Laquered Mask
; itm_xenoargh_round_shield01|Round Wooden Shield
; itm_xenoargh_round_shield01_pl|Round Wooden Shield
; itm_xenoargh_round_shield01_octopus|Urswycks Round Shield
; itm_xenoargh_round_shield01_octopus_pl|Urswycks Round Shield
; itm_mormonts_armor|Mormonts Armor
; itm_mormonts_armor_pl|Mormonts Armor
; itm_bronn_armor|Bronns Armor
; itm_bronn_armor_pl|Bronns Armor
; itm_west_arbalester_armor|Light Plate Armor
; itm_west_arbalester_armor_pl|Light Plate Armor
; itm_west_exp_mil_armor|Leather Jerkin
; itm_west_exp_mil_armor_pl|Leather Jerkin
; itm_west_man_at_arms_armor|Heavy Plate Armor
; itm_west_man_at_arms_armor_pl|Heavy Plate Armor
; itm_hauberk_tunic_gry|Chain Mail Hauberk
; itm_hauberk_tunic_gry_pl|Chain Mail Hauberk
; itm_hauberk_leather|Chain Mail Hauberk
; itm_hauberk_leather_pl|Chain Mail Hauberk
; itm_broigne4|Leather Jerkin
; itm_broigne4_pl|Leather Jerkin
; itm_goplon1|Round Bronze Shield
; itm_goplon1_pl|Round Bronze Shield
; itm_mackie_dog_cudgel|Cudgel
; itm_mackie_dog_cudgel_pl|Cudgel
; itm_mackie_strange_sword|Curved Great Sword
; itm_mackie_strange_sword_pl|Curved Great Sword
; itm_arakh|Arakh
; itm_arakh_pl|Arakh
; itm_short_arakh|Arakh
; itm_short_arakh_pl|Arakh
; itm_kau_mail_b_wolf|Chain Mail Hauberk
; itm_kau_mail_b_wolf_pl|Chain Mail Hauberk
; itm_tyrions_armor|Tyrions Armor
; itm_tyrions_armor_pl|Tyrions Armor
; itm_joffreys_armor|Joffreys Armor
; itm_joffreys_armor_pl|Joffreys Armor
; itm_witcher_kite_1|Kite Shield
; itm_witcher_kite_1_pl|Kite Shield
; itm_witcher_kite_2|Kite Shield
; itm_witcher_kite_2_pl|Kite Shield
; itm_witcher_kite_3|Kite Shield
; itm_witcher_kite_3_pl|Kite Shield
; itm_witcher_kite_4|Kite Shield
; itm_witcher_kite_4_pl|Kite Shield
; itm_witcher_kite_5|Kite Shield
; itm_witcher_kite_5_pl|Kite Shield
; itm_witcher_kite_6|Kite Shield
; itm_witcher_kite_6_pl|Kite Shield
; itm_witcher_kite_7|Kite Shield
; itm_witcher_kite_7_pl|Kite Shield
; itm_witcher_kite_8|Kite Shield
; itm_witcher_kite_8_pl|Kite Shield
; itm_witcher_kite_9|Kite Shield
; itm_witcher_kite_9_pl|Kite Shield
; itm_witcher_kite_10|Kite Shield
; itm_witcher_kite_10_pl|Kite Shield
; itm_witcher_kite_11|Kite Shield
; itm_witcher_kite_11_pl|Kite Shield
; itm_witcher_kite_12|Kite Shield
; itm_witcher_kite_12_pl|Kite Shield
; itm_witcher_kite_13|Kite Shield
; itm_witcher_kite_13_pl|Kite Shield
; itm_witcher_kite_14|Kite Shield
; itm_witcher_kite_14_pl|Kite Shield
; itm_witcher_kite_15|Kite Shield
; itm_witcher_kite_15_pl|Kite Shield
; itm_witcher_kite_16|Kite Shield
; itm_witcher_kite_16_pl|Kite Shield
; itm_witcher_kite_17|Kite Shield
; itm_witcher_kite_17_pl|Kite Shield
; itm_witcher_kite_18|Kite Shield
; itm_witcher_kite_18_pl|Kite Shield
; itm_witcher_kite_19|Kite Shield
; itm_witcher_kite_19_pl|Kite Shield
; itm_witcher_kite_20|Kite Shield
; itm_witcher_kite_20_pl|Kite Shield
; itm_witcher_heater_1|Heater Shield
; itm_witcher_heater_1_pl|Heater Shield
; itm_witcher_heater_2|Heater Shield
; itm_witcher_heater_2_pl|Heater Shield
; itm_witcher_heater_3|Heater Shield
; itm_witcher_heater_3_pl|Heater Shield
; itm_witcher_heater_4|Heater Shield
; itm_witcher_heater_4_pl|Heater Shield
; itm_witcher_heater_5|Heater Shield
; itm_witcher_heater_5_pl|Heater Shield
; itm_witcher_heater_6|Heater Shield
; itm_witcher_heater_6_pl|Heater Shield
; itm_witcher_heater_7|Heater Shield
; itm_witcher_heater_7_pl|Heater Shield
; itm_nw_heater_shield|Heater Shield
; itm_nw_heater_shield_pl|Heater Shield
; itm_witcher_heater_8|Heater Shield
; itm_witcher_heater_8_pl|Heater Shield
; itm_witcher_heater_9|Heater Shield
; itm_witcher_heater_9_pl|Heater Shield
; itm_witcher_heater_10|Heater Shield
; itm_witcher_heater_10_pl|Heater Shield
; itm_witcher_heater_11|Heater Shield
; itm_witcher_heater_11_pl|Heater Shield
; itm_witcher_heater_12|Heater Shield
; itm_witcher_heater_12_pl|Heater Shield
; itm_witcher_heater_13|Heater Shield
; itm_witcher_heater_13_pl|Heater Shield
; itm_witcher_heater_14|Heater Shield
; itm_witcher_heater_14_pl|Heater Shield
; itm_witcher_heater_15|Heater Shield
; itm_witcher_heater_15_pl|Heater Shield
; itm_witcher_pavise_1|Pavise
; itm_witcher_pavise_1_pl|Pavise
; itm_witcher_pavise_2|Pavise
; itm_witcher_pavise_2_pl|Pavise
; itm_witcher_pavise_3|Pavise
; itm_witcher_pavise_3_pl|Pavise
; itm_witcher_pavise_4|Pavise
; itm_witcher_pavise_4_pl|Pavise
; itm_witcher_pavise_5|Pavise
; itm_witcher_pavise_5_pl|Pavise
; itm_witcher_pavise_6|Pavise
; itm_witcher_pavise_6_pl|Pavise
; itm_witcher_pavise_7|Pavise
; itm_witcher_pavise_7_pl|Pavise
; itm_witcher_pavise_8|Pavise
; itm_witcher_pavise_8_pl|Pavise
; itm_witcher_pavise_9|Pavise
; itm_witcher_pavise_9_pl|Pavise
; itm_witcher_pavise_10|Pavise
; itm_witcher_pavise_10_pl|Pavise
; itm_witcher_pavise_11|Pavise
; itm_witcher_pavise_11_pl|Pavise
; itm_witcher_pavise_12|Pavise
; itm_witcher_pavise_12_pl|Pavise
; itm_witcher_pavise_13|Pavise
; itm_witcher_pavise_13_pl|Pavise
; itm_witcher_pavise_14|Pavise
; itm_witcher_pavise_14_pl|Pavise
; itm_witcher_pavise_15|Pavise
; itm_witcher_pavise_15_pl|Pavise
; itm_witcher_pavise_16|Pavise
; itm_witcher_pavise_16_pl|Pavise
; itm_witcher_pavise_17|Pavise
; itm_witcher_pavise_17_pl|Pavise
; itm_witcher_pavise_18|Pavise
; itm_witcher_pavise_18_pl|Pavise
; itm_witcher_pavise_19|Pavise
; itm_witcher_pavise_19_pl|Pavise
; itm_witcher_pavise_20|Pavise
; itm_witcher_pavise_20_pl|Pavise
; itm_witcher_worn_shield|Round Wooden Shield
; itm_witcher_worn_shield_pl|Round Wooden Shield
; itm_xenoargh_shield_pavise_1|Pavise
; itm_xenoargh_shield_pavise_1_pl|Pavise
; itm_xenoargh_shield_pavise_2|Pavise
; itm_xenoargh_shield_pavise_2_pl|Pavise
; itm_xenoargh_round_shield02|Round Wooden Shield
; itm_xenoargh_round_shield02_pl|Round Wooden Shield
; itm_xenoargh_round_shield03_06|Round Leather Shield
; itm_xenoargh_round_shield03_06_pl|Round Leather Shield
; itm_xenoargh_round_shield05_paint01|Round Wooden Shield
; itm_xenoargh_round_shield05_paint01_pl|Round Wooden Shield
; itm_stark_shield|Round Steel Shield
; itm_stark_shield_pl|Round Steel Shield
; itm_alen_cargylls_hauberk|Alen Cargylls Gambeson Surcoat
; itm_alen_cargylls_hauberk_pl|Alen Cargylls Gambeson Surcoat
; itm_alysane_mormonts_hauberk|Plated Hauberk
; itm_alysane_mormonts_hauberk_pl|Plated Hauberk
; itm_unsullied_tunic|Unsullied Breastplate
; itm_unsullied_tunic_pl|Unsullied Breastplate
; itm_daenerys|Daenerys' Dress
; itm_daenerys_pl|Daenerys' Dress
; itm_wide_toga_1|Toga
; itm_wide_toga_1_pl|Toga
; itm_reznak_robe_1|Ghiscari Dress
; itm_reznak_robe_1_pl|Ghiscari Dress
; itm_grazdan_robe_1|Ghiscari Dress
; itm_grazdan_robe_1_pl|Ghiscari Dress
; itm_hizdahr_robe_1|Ghiscari Dress
; itm_hizdahr_robe_1_pl|Ghiscari Dress
; itm_galazza_robe_1|Ghiscari Dress
; itm_galazza_robe_1_pl|Ghiscari Dress
; itm_yunkai_robe_1|Ghiscari Dress
; itm_yunkai_robe_1_pl|Ghiscari Dress
; itm_yunkai_robe_2|Ghiscari Dress
; itm_yunkai_robe_2_pl|Ghiscari Dress
; itm_kingsguard_armor_quest|Kingsguard Heavy Armor
; itm_kingsguard_armor_quest_pl|Kingsguard Heavy Armor
; itm_kingsguard_helm_quest|Kingsguard Helmet
; itm_kingsguard_helm_quest_pl|Kingsguard Helmet
; itm_ga_swa_a2_leather|BUGGED ITEM
; itm_ga_swa_a2_leather_pl|BUGGED ITEM
; itm_we_vae_bow_hunting|BUGGED ITEM
; itm_we_vae_bow_hunting_pl|BUGGED ITEM
; itm_we_khe_bow_red|BUGGED ITEM
; itm_we_khe_bow_red_pl|BUGGED ITEM
; itm_arena_shield_red|BUGGED ITEM
; itm_arena_shield_red_pl|BUGGED ITEM
; itm_arena_lance|BUGGED ITEM
; itm_arena_lance_pl|BUGGED ITEM
; itm_rus_coat|Ironborn Merchants Coat
; itm_rus_coat_pl|Ironborn Merchants Coat
; itm_cuman_shirt_c|Westerlands Noblemans Kaftan
; itm_cuman_shirt_c_pl|Westerlands Noblemans Kaftan
; itm_rus_tunic_a|Andal Noblemans Kaftan
; itm_rus_tunic_a_pl|Andal Noblemans Kaftan
; itm_rus_tunic_b|Andal Noblemans Kaftan
; itm_rus_tunic_b_pl|Andal Noblemans Kaftan
; itm_rus_tunic_c|Andal Noblemans Kaftan
; itm_rus_tunic_c_pl|Andal Noblemans Kaftan
; itm_sonyer_summer|Dornish Noblemans Robe
; itm_sonyer_summer_pl|Dornish Noblemans Robe
; itm_sonyer_summer_2|Dornish Noblemans Robe
; itm_sonyer_summer_2_pl|Dornish Noblemans Robe
; itm_sonyer_summer_3|Dornish Noblemans Robe
; itm_sonyer_summer_3_pl|Dornish Noblemans Robe
; itm_noble_militia_tunic_a2|Noblemans Cloaked Tunic
; itm_noble_militia_tunic_a2_pl|Noblemans Cloaked Tunic
; itm_noble_peasant_b2|Noblemans Cloaked Tunic
; itm_noble_peasant_b2_pl|Noblemans Cloaked Tunic
; itm_noble_peasant_c2|Noblemans Cloaked Tunic
; itm_noble_peasant_c2_pl|Noblemans Cloaked Tunic
; itm_noble_peasant_outfit_a2|Noblemans Cloaked Tunic
; itm_noble_peasant_outfit_a2_pl|Noblemans Cloaked Tunic
; itm_noble_peasant_outfit_a22|Ironborn Noblemans Cloaked Tunic
; itm_noble_peasant_outfit_a22_pl|Ironborn Noblemans Cloaked Tunic
; itm_ar_swa_ban_scale_a|Ironborn Noblemans Kaftan
; itm_ar_swa_ban_scale_a_pl|Ironborn Noblemans Kaftan
; itm_lannis_footman_armor|Westerlands Noblemans Tunic
; itm_lannis_footman_armor_pl|Westerlands Noblemans Tunic
; itm_nobleman_surgeon_1|Expensive Tunic
; itm_nobleman_surgeon_1_pl|Expensive Tunic
; itm_nobleman_priest_robe_1|Expensive Robe
; itm_nobleman_priest_robe_1_pl|Expensive Robe
; itm_nord_dress_common_b|Peasants Dress
; itm_nord_dress_common_b_pl|Peasants Dress
; itm_rhodok_dress_common_b|Peasants Dress
; itm_rhodok_dress_common_b_pl|Peasants Dress
; itm_sarranid_dress_common_a|Peasants Dress
; itm_sarranid_dress_common_a_pl|Peasants Dress
; itm_sarranid_dress_common_b|Peasants Dress
; itm_sarranid_dress_common_b_pl|Peasants Dress
; itm_chain_mail_horse|Mailed Destrier
; itm_chain_mail_horse_pl|Mailed Destrier
; itm_loki_sword|Old Arming Sword
; itm_loki_sword_pl|Old Arming Sword
; itm_jack_boromir|Legbiter
; itm_jack_boromir_pl|Legbiter
; itm_aemonds_helmet|Aemond Targaryens Hounskull Helmet
; itm_aemonds_helmet_pl|Aemond Targaryens Hounskull Helmet
; itm_aemonds_boots|Aemond Targaryens Plate Boots
; itm_aemonds_boots_pl|Aemond Targaryens Plate Boots
; itm_aemonds_armor|Aemond Targaryens Heavy Plate Armor
; itm_aemonds_armor_pl|Aemond Targaryens Heavy Plate Armor
; itm_fi_estoc|Braavosi Long Sword
; itm_fi_estoc_pl|Braavosi Long Sword
; itm_hoggox|One-Handed Axe
; itm_hoggox_pl|One-Handed Axe
; itm_slim_axe|One-Handed Axe
; itm_slim_axe_pl|One-Handed Axe
; itm_heavy_cutting_axe|One-Handed Axe
; itm_heavy_cutting_axe_pl|One-Handed Axe
; itm_axe_e|One-Handed Axe
; itm_axe_e_pl|One-Handed Axe
; itm_axe_f|One-Handed Axe
; itm_axe_f_pl|One-Handed Axe
; itm_winters_frying_pan|Frying Pan
; itm_winters_frying_pan_pl|Frying Pan
; itm_bearded_axe|One-Handed Axe
; itm_bearded_axe_pl|One-Handed Axe
; itm_long_danox|Two-Handed Axe
; itm_long_danox_pl|Two-Handed Axe
; itm_fi_broad_axe|Two-Handed Axe
; itm_fi_broad_axe_pl|Two-Handed Axe
; itm_fi_claymore|Great Sword
; itm_fi_claymore_pl|Great Sword
; itm_weirwood_bow|Weirwood Bow
; itm_weirwood_bow_pl|Weirwood Bow
; itm_decorated_bow|Decorated Bow
; itm_decorated_bow_pl|Decorated Bow
; itm_dragonbone_bow|Dragonbone Bow
; itm_dragonbone_bow_pl|Dragonbone Bow
; itm_saxon_sword|Arming Sword
; itm_saxon_sword_pl|Arming Sword
; itm_london_sword_4|Short Sword
; itm_london_sword_4_pl|Short Sword
; itm_london_sword_2|Arming Sword
; itm_london_sword_2_pl|Arming Sword
; itm_thegn|Arming Sword
; itm_thegn_pl|Arming Sword
; itm_short_sword|Arming Sword
; itm_short_sword_pl|Arming Sword
; itm_rathos_leather_armor_1|Leather Armor
; itm_rathos_leather_armor_1_pl|Leather Armor
; itm_rathos_lamellar_armor_1|Lamellar Armor
; itm_rathos_lamellar_armor_1_pl|Lamellar Armor
; itm_rathos_lamellar_armor_2|Lamellar Armor
; itm_rathos_lamellar_armor_2_pl|Lamellar Armor
; itm_rathos_padded_armor_1|Padded Leather Armor
; itm_rathos_padded_armor_1_pl|Padded Leather Armor
; itm_coat_of_plates_light|Light Coat of Plates
; itm_coat_of_plates_light_pl|Light Coat of Plates
; itm_padded_jack_b|Padded Chain Mail Hauberk
; itm_padded_jack_b_pl|Padded Chain Mail Hauberk
; itm_sar_helmet1|Top Helmet
; itm_sar_helmet1_pl|Top Helmet
; itm_sar_helmet2|Top Helmet
; itm_sar_helmet2_pl|Top Helmet
; itm_tuareg_helmet|Top Helmet
; itm_tuareg_helmet_pl|Top Helmet
; itm_tuareg|Headcloth
; itm_tuareg_pl|Headcloth
; itm_tuareg_open|Headcloth
; itm_tuareg_open_pl|Headcloth
; itm_plain_conical_helmet|Plain Helmet
; itm_plain_conical_helmet_pl|Plain Helmet
; itm_banded_leather_c|Leather Jerkin
; itm_banded_leather_c_pl|Leather Jerkin
; itm_banded_leather_c_spiked|Spiked Leather Jerkin
; itm_banded_leather_c_spiked_pl|Spiked Leather Jerkin
; itm_banded_leather_c_mailed|Mailed Leather Jerkin
; itm_banded_leather_c_mailed_pl|Mailed Leather Jerkin
; itm_peasant_leather_padded|Leather Jerkin
; itm_peasant_leather_padded_pl|Leather Jerkin
; itm_peasant_padded_spiked_ls|Spiked Leather Jerkin
; itm_peasant_padded_spiked_ls_pl|Spiked Leather Jerkin
; itm_peasant_leather_plate_a|Leather Jerkin
; itm_peasant_leather_plate_a_pl|Leather Jerkin
; itm_peasant_leather_plates_ls|Leather Jerkin
; itm_peasant_leather_plates_ls_pl|Leather Jerkin
; itm_peasant_lamellar_ls|Lamellar Leather Jerkin
; itm_peasant_lamellar_ls_pl|Lamellar Leather Jerkin
; itm_dunland_antleraxe|One-Handed Antler Axe
; itm_dunland_antleraxe_pl|One-Handed Antler Axe
; itm_dunland_spear|Bone Spear
; itm_dunland_spear_pl|Bone Spear
; itm_dunland_pike|Sharpened Stake
; itm_dunland_pike_pl|Sharpened Stake
; itm_wildling_heavy_armor_1|Heavy Fur Armor
; itm_wildling_heavy_armor_1_pl|Heavy Fur Armor
; itm_wildling_heavy_armor_2|Heavy Fur Armor
; itm_wildling_heavy_armor_2_pl|Heavy Fur Armor
; itm_wildling_heavy_armor_3|Heavy Fur Armor
; itm_wildling_heavy_armor_3_pl|Heavy Fur Armor
; itm_wildling_leather_vest_1|Leather Vest
; itm_wildling_leather_vest_1_pl|Leather Vest
; itm_wildling_leather_vest_2|Leather Vest
; itm_wildling_leather_vest_2_pl|Leather Vest
; itm_wildling_noble_cloth|Wildling Chiefs Tunic
; itm_wildling_noble_cloth_pl|Wildling Chiefs Tunic
; itm_bw_wildling_cloth_tunic_1|Tunic
; itm_bw_wildling_cloth_tunic_1_pl|Tunic
; itm_bw_wildling_cloth_tunic_2|Tunic
; itm_bw_wildling_cloth_tunic_2_pl|Tunic
; itm_bw_wildling_cloth_tunic_3|Tunic
; itm_bw_wildling_cloth_tunic_3_pl|Tunic
; itm_bw_wildling_leather_tunic_1|Leather Tunic
; itm_bw_wildling_leather_tunic_1_pl|Leather Tunic
; itm_bw_wildling_leather_tunic_2|Leather Tunic
; itm_bw_wildling_leather_tunic_2_pl|Leather Tunic
; itm_bw_wildling_leather_tunic_3|Leather Tunic
; itm_bw_wildling_leather_tunic_3_pl|Leather Tunic
; itm_bw_wildling_leather_tunic_4|Leather Tunic
; itm_bw_wildling_leather_tunic_4_pl|Leather Tunic
; itm_bw_wildling_leather_tunic_5|Leather Tunic
; itm_bw_wildling_leather_tunic_5_pl|Leather Tunic
; itm_bw_wildling_leather_tunic_6|Leather Tunic
; itm_bw_wildling_leather_tunic_6_pl|Leather Tunic
; itm_kuyak_a|Tormunds Plated Fur Armor
; itm_kuyak_a_pl|Tormunds Plated Fur Armor
; itm_kuyak_b|Wildling Chiefs Plated Fur Armor
; itm_kuyak_b_pl|Wildling Chiefs Plated Fur Armor
; itm_coat_of_plates4|Heavy Fur Armor
; itm_coat_of_plates4_pl|Heavy Fur Armor
; itm_coat_of_plates5|Heavy Fur Armor
; itm_coat_of_plates5_pl|Heavy Fur Armor
; itm_coat_of_plates6m|Heavy Fur Armor
; itm_coat_of_plates6m_pl|Heavy Fur Armor
; itm_raider_hauberk|Chain Mail Hauberk
; itm_raider_hauberk_pl|Chain Mail Hauberk
; itm_raider_hauberk2|Chain Mail Hauberk
; itm_raider_hauberk2_pl|Chain Mail Hauberk
; itm_raider_hauberk3|Chain Mail Hauberk
; itm_raider_hauberk3_pl|Chain Mail Hauberk
; itm_briton_helm|Wildling Chiefs Nasal Helmet
; itm_briton_helm_pl|Wildling Chiefs Nasal Helmet
; itm_dux_ridge_helm|Tormunds Nasal Helmet
; itm_dux_ridge_helm_pl|Tormunds Nasal Helmet
; itm_valsgarde1|Nasal Helmet
; itm_valsgarde1_pl|Nasal Helmet
; itm_valsgarde2|Nasal Helmet
; itm_valsgarde2_pl|Nasal Helmet
; itm_valsgarde3|Nasal Helmet
; itm_valsgarde3_pl|Nasal Helmet
; itm_valsgarde4|Nasal Helmet
; itm_valsgarde4_pl|Nasal Helmet
; itm_wildling_square_shield_1|Wildlings Square Shield
; itm_wildling_square_shield_1_pl|Wildlings Square Shield
; itm_wildling_square_shield_2|Wildlings Square Shield
; itm_wildling_square_shield_2_pl|Wildlings Square Shield
; itm_wildling_square_shield_3|Wildlings Square Shield
; itm_wildling_square_shield_3_pl|Wildlings Square Shield
; itm_wildling_square_shield_4|Wildlings Square Shield
; itm_wildling_square_shield_4_pl|Wildlings Square Shield
; itm_wildling_square_shield_5|Wildlings Square Shield
; itm_wildling_square_shield_5_pl|Wildlings Square Shield
; itm_wildling_square_shield_6|Wildlings Square Shield
; itm_wildling_square_shield_6_pl|Wildlings Square Shield
; itm_wildling_square_shield_7|Wildlings Square Shield
; itm_wildling_square_shield_7_pl|Wildlings Square Shield
; itm_wildling_square_shield_8|Wildlings Square Shield
; itm_wildling_square_shield_8_pl|Wildlings Square Shield
; itm_wildling_square_shield_9|Wildlings Square Shield
; itm_wildling_square_shield_9_pl|Wildlings Square Shield
; itm_wildling_square_shield_10|Wildlings Square Shield
; itm_wildling_square_shield_10_pl|Wildlings Square Shield
; itm_wildling_square_shield_11|Wildlings Square Shield
; itm_wildling_square_shield_11_pl|Wildlings Square Shield
; itm_wildling_square_shield_12|Wildlings Square Shield
; itm_wildling_square_shield_12_pl|Wildlings Square Shield
; itm_wildling_square_shield_13|Wildlings Square Shield
; itm_wildling_square_shield_13_pl|Wildlings Square Shield
; itm_wildling_square_shield_14|Wildlings Square Shield
; itm_wildling_square_shield_14_pl|Wildlings Square Shield
; itm_wildling_square_shield_15|Wildlings Square Shield
; itm_wildling_square_shield_15_pl|Wildlings Square Shield
; itm_wildling_square_shield_16|Wildlings Square Shield
; itm_wildling_square_shield_16_pl|Wildlings Square Shield
; itm_wildling_square_shield_17|Wildlings Square Shield
; itm_wildling_square_shield_17_pl|Wildlings Square Shield
; itm_xenoargh_round_shield05_plain|Round Wooden Shield
; itm_xenoargh_round_shield05_plain_pl|Round Wooden Shield
; itm_bw_wildling_cloth_tunic_1_noble|Tunic
; itm_bw_wildling_cloth_tunic_1_noble_pl|Tunic
; itm_bw_wildling_cloth_tunic_2_noble|Tunic
; itm_bw_wildling_cloth_tunic_2_noble_pl|Tunic
; itm_bw_wildling_cloth_tunic_3_noble|Tunic
; itm_bw_wildling_cloth_tunic_3_noble_pl|Tunic
; itm_bw_wildling_leather_tunic_1_noble|Leather Tunic
; itm_bw_wildling_leather_tunic_1_noble_pl|Leather Tunic
; itm_bw_wildling_leather_tunic_2_noble|Leather Tunic
; itm_bw_wildling_leather_tunic_2_noble_pl|Leather Tunic
; itm_bw_wildling_leather_tunic_3_noble|Leather Tunic
; itm_bw_wildling_leather_tunic_3_noble_pl|Leather Tunic
; itm_bw_wildling_leather_tunic_4_noble|Leather Tunic
; itm_bw_wildling_leather_tunic_4_noble_pl|Leather Tunic
; itm_bw_wildling_leather_tunic_5_noble|Leather Tunic
; itm_bw_wildling_leather_tunic_5_noble_pl|Leather Tunic
; itm_bw_wildling_leather_tunic_6_noble|Leather Tunic
; itm_bw_wildling_leather_tunic_6_noble_pl|Leather Tunic
; itm_we_swa_arrow_gromite|Dothraki Arrows
; itm_we_swa_arrow_gromite_pl|Dothraki Arrows
; itm_rouncyray1|Dothraki Courser
; itm_rouncyray1_pl|Dothraki Courser
; itm_rouncybay2|Dothraki Courser
; itm_rouncybay2_pl|Dothraki Courser
; itm_rouncychestnut|Dothraki Courser
; itm_rouncychestnut_pl|Dothraki Courser
; itm_sumpterchestnut|Dothraki Courser
; itm_sumpterchestnut_pl|Dothraki Courser
; itm_sumpterbay|Dothraki Courser
; itm_sumpterbay_pl|Dothraki Courser
; itm_ar_nor_shi_skjortira|Dothraki Outfit
; itm_ar_nor_shi_skjortira_pl|Dothraki Outfit
; itm_ar_nor_tun_blue|Dothraki Outfit
; itm_ar_nor_tun_blue_pl|Dothraki Outfit
; itm_dothraki_lamellar|Dothraki Lamellar Armor
; itm_dothraki_lamellar_pl|Dothraki Lamellar Armor
; itm_brego_nord_helmet|Nasal Helmet
; itm_brego_nord_helmet_pl|Nasal Helmet
; itm_rhoynar_cataphract|Dothraki Cataphract Warhorse
; itm_rhoynar_cataphract_pl|Dothraki Cataphract Warhorse
; itm_dothraki_hair_1|Dothraki Braid
; itm_dothraki_hair_1_pl|Dothraki Braid
; itm_dothraki_hair_2|Dothraki Braid
; itm_dothraki_hair_2_pl|Dothraki Braid
; itm_dothraki_hair_3|Dothraki Braid
; itm_dothraki_hair_3_pl|Dothraki Braid
; itm_dothraki_hair_4|Dothraki Braid
; itm_dothraki_hair_4_pl|Dothraki Braid
; itm_dothraki_hair_5|Dothraki Braid
; itm_dothraki_hair_5_pl|Dothraki Braid
; itm_dothraki_hair_6|Dothraki Braid
; itm_dothraki_hair_6_pl|Dothraki Braid
; itm_otk_shlem|The Weepers Helmet
; itm_otk_shlem_pl|The Weepers Helmet
; itm_otk_axe|One-Handed Axe
; itm_otk_axe_pl|One-Handed Axe
; itm_mackie_machete|Dothraki Cleaver
; itm_mackie_machete_pl|Dothraki Cleaver
; itm_mackie_executioner|Dothraki Cleaver
; itm_mackie_executioner_pl|Dothraki Cleaver
; itm_mackie_mangler_short|Dothraki Mace
; itm_mackie_mangler_short_pl|Dothraki Mace
; itm_mackie_meat_cleaver_1|Meat Cleaver
; itm_mackie_meat_cleaver_1_pl|Meat Cleaver
; itm_mackie_meat_cleaver_2|Meat Cleaver
; itm_mackie_meat_cleaver_2_pl|Meat Cleaver
; itm_mackie_meat_cleaver_3|Meat Cleaver
; itm_mackie_meat_cleaver_3_pl|Meat Cleaver
; itm_dothraki_bow|Dothraki Bow
; itm_dothraki_bow_pl|Dothraki Bow
; itm_sword_repent|Dark Sister
; itm_sword_repent_pl|Dark Sister
; itm_new_nightswatch_1|Leather Jerkin
; itm_new_nightswatch_1_pl|Leather Jerkin
; itm_new_nightswatch_1_cloak|Leather Jerkin
; itm_new_nightswatch_1_cloak_pl|Leather Jerkin
; itm_new_nightswatch_2|Leather Jerkin
; itm_new_nightswatch_2_pl|Leather Jerkin
; itm_new_nightswatch_2_cloak|Leather Jerkin
; itm_new_nightswatch_2_cloak_pl|Leather Jerkin
; itm_new_nightswatch_3|Chain Mail Hauberk
; itm_new_nightswatch_3_pl|Chain Mail Hauberk
; itm_new_nightswatch_3_cloak|Chain Mail Hauberk
; itm_new_nightswatch_3_cloak_pl|Chain Mail Hauberk
; itm_new_nightswatch_4|Lamellar Armor
; itm_new_nightswatch_4_pl|Lamellar Armor
; itm_new_nightswatch_4_cloak|Lamellar Armor
; itm_new_nightswatch_4_cloak_pl|Lamellar Armor
; itm_new_nightswatch_5|Heavy Plate Armor
; itm_new_nightswatch_5_pl|Heavy Plate Armor
; itm_new_nightswatch_5_cloak|Heavy Plate Armor
; itm_new_nightswatch_5_cloak_pl|Heavy Plate Armor
; itm_new_nightswatch_mance_rayder|Chain Mail Hauberk
; itm_new_nightswatch_mance_rayder_pl|Chain Mail Hauberk
; itm_aemons_robe|Maesters Robe
; itm_aemons_robe_pl|Maesters Robe
; itm_dedal_kufel|Kufel
; itm_dedal_kufel_pl|Kufel
; itm_dedal_lutnia|Lutnia
; itm_dedal_lutnia_pl|Lutnia
; itm_dedal_lira|Lira
; itm_dedal_lira_pl|Lira
; itm_dornish_bow|Dornish Bow
; itm_dornish_bow_pl|Dornish Bow
; itm_khergit_sword_a|Curved Sword
; itm_khergit_sword_a_pl|Curved Sword
; itm_khergit_sword_b|Curved Sword
; itm_khergit_sword_b_pl|Curved Sword
; itm_khergit_sword_c|Curved Sword
; itm_khergit_sword_c_pl|Curved Sword
; itm_awl_pike_a|Pike
; itm_awl_pike_a_pl|Pike
; itm_awl_pike_b|Pike
; itm_awl_pike_b_pl|Pike
; itm_dornish_cataphract_helmet|Full Helmet
; itm_dornish_cataphract_helmet_pl|Full Helmet
; itm_dornish_chain_fur_1|Nasal Helmet
; itm_dornish_chain_fur_1_pl|Nasal Helmet
; itm_dornish_chain_fur_2|Nasal Helmet
; itm_dornish_chain_fur_2_pl|Nasal Helmet
; itm_dornish_chain_fur_3|Nasal Helmet
; itm_dornish_chain_fur_3_pl|Nasal Helmet
; itm_dornish_turban|Headcloth
; itm_dornish_turban_pl|Headcloth
; itm_dornish_open_turban|Headcloth
; itm_dornish_open_turban_pl|Headcloth
; itm_dornish_turban_helmet_mail|Conical Helmet
; itm_dornish_turban_helmet_mail_pl|Conical Helmet
; itm_dornish_leather_helmet|Leather Cap
; itm_dornish_leather_helmet_pl|Leather Cap
; itm_dornish_chain_mail_1|Conical Helmet
; itm_dornish_chain_mail_1_pl|Conical Helmet
; itm_dornish_chain_mail_2|Nasal Helmet
; itm_dornish_chain_mail_2_pl|Nasal Helmet
; itm_dornish_chain_mail_3|Nasal Helmet
; itm_dornish_chain_mail_3_pl|Nasal Helmet
; itm_dornish_turban_helmet_2|Conical Helmet
; itm_dornish_turban_helmet_2_pl|Conical Helmet
; itm_dornish_turban_helmet_1|Conical Helmet
; itm_dornish_turban_helmet_1_pl|Conical Helmet
; itm_dornish_lamellar|Lamellar Vest
; itm_dornish_lamellar_pl|Lamellar Vest
; itm_dornish_scale|Scale Hauberk
; itm_dornish_scale_pl|Scale Hauberk
; itm_dornish_cavrobe_1|Chain Mail Hauberk
; itm_dornish_cavrobe_1_pl|Chain Mail Hauberk
; itm_dornish_cavrobe_2|Chain Mail Hauberk
; itm_dornish_cavrobe_2_pl|Chain Mail Hauberk
; itm_dornish_cavrobe_4|Chain Mail Hauberk
; itm_dornish_cavrobe_4_pl|Chain Mail Hauberk
; itm_dornish_chain_mail_shirt_1|Chain Mail Hauberk
; itm_dornish_chain_mail_shirt_1_pl|Chain Mail Hauberk
; itm_dornish_chain_mail_shirt_2|Chain Mail Hauberk
; itm_dornish_chain_mail_shirt_2_pl|Chain Mail Hauberk
; itm_dornish_chain_mail_shirt_3|Chain Mail Hauberk
; itm_dornish_chain_mail_shirt_3_pl|Chain Mail Hauberk
; itm_dornish_chain_mail_shirt_4|Chain Mail Hauberk
; itm_dornish_chain_mail_shirt_4_pl|Chain Mail Hauberk
; itm_dornish_heavy_lamellar|Heavy Lamellar Armor
; itm_dornish_heavy_lamellar_pl|Heavy Lamellar Armor
; itm_dornish_leather_robe|Leather Jerkin
; itm_dornish_leather_robe_pl|Leather Jerkin
; itm_dornish_skirmisher|Padded Tunic
; itm_dornish_skirmisher_pl|Padded Tunic
; itm_vale_lord_1|Braavosi Lords Tunic
; itm_vale_lord_1_pl|Braavosi Lords Tunic
; itm_vale_lord_2|Braavosi Lords Tunic
; itm_vale_lord_2_pl|Braavosi Lords Tunic
; itm_vale_lord_3|Braavosi Lords Tunic
; itm_vale_lord_3_pl|Braavosi Lords Tunic
; itm_vale_lord_4|Braavosi Lords Tunic
; itm_vale_lord_4_pl|Braavosi Lords Tunic
; itm_vale_lord_5|Braavosi Lords Tunic
; itm_vale_lord_5_pl|Braavosi Lords Tunic
; itm_sealord|Sealords Tunic
; itm_sealord_pl|Sealords Tunic
; itm_lysa_style_1|Northerner Court Dress
; itm_lysa_style_1_pl|Northerner Court Dress
; itm_lysa_style_2|Northerner Court Dress
; itm_lysa_style_2_pl|Northerner Court Dress
; itm_lysa_style_3|Northerner Court Dress
; itm_lysa_style_3_pl|Northerner Court Dress
; itm_lysa_style_4|Northerner Court Dress
; itm_lysa_style_4_pl|Northerner Court Dress
; itm_lysa_style_5|Lysas Court Dress
; itm_lysa_style_5_pl|Lysas Court Dress
; itm_lysa_style_6|Northerner Court Dress
; itm_lysa_style_6_pl|Northerner Court Dress
; itm_lysa_style_7|Northerner Court Dress
; itm_lysa_style_7_pl|Northerner Court Dress
; itm_barkeeper_1|Peasants Dress
; itm_barkeeper_1_pl|Peasants Dress
; itm_barkeeper_2|Peasants Dress
; itm_barkeeper_2_pl|Peasants Dress
; itm_barkeeper_3|Peasants Dress
; itm_barkeeper_3_pl|Peasants Dress
; itm_barkeeper_4|Peasants Dress
; itm_barkeeper_4_pl|Peasants Dress
; itm_barkeeper_5|Peasants Dress
; itm_barkeeper_5_pl|Peasants Dress
; itm_sansa_style_1|Southrons Court Dress
; itm_sansa_style_1_pl|Southrons Court Dress
; itm_sansa_style_2|Southrons Court Dress
; itm_sansa_style_2_pl|Southrons Court Dress
; itm_sansa_style_3|Southrons Court Dress
; itm_sansa_style_3_pl|Southrons Court Dress
; itm_sansa_style_4|Southrons Court Dress
; itm_sansa_style_4_pl|Southrons Court Dress
; itm_sansa_style_5|Southrons Court Dress
; itm_sansa_style_5_pl|Southrons Court Dress
; itm_sansa_style_6|Southrons Court Dress
; itm_sansa_style_6_pl|Southrons Court Dress
; itm_sansa_style_7|Sansas Court Dress
; itm_sansa_style_7_pl|Sansas Court Dress
; itm_dornish_1|Dornish Court Dress
; itm_dornish_1_pl|Dornish Court Dress
; itm_dornish_2|Dornish Court Dress
; itm_dornish_2_pl|Dornish Court Dress
; itm_dornish_3|Dornish Court Dress
; itm_dornish_3_pl|Dornish Court Dress
; itm_dornish_4|Dornish Court Dress
; itm_dornish_4_pl|Dornish Court Dress
; itm_dornish_5|Dornish Court Dress
; itm_dornish_5_pl|Dornish Court Dress
; itm_cersei_style_1|Southron Court Dress
; itm_cersei_style_1_pl|Southron Court Dress
; itm_cersei_style_2|Southron Court Dress
; itm_cersei_style_2_pl|Southron Court Dress
; itm_cersei_style_3|Southron Court Dress
; itm_cersei_style_3_pl|Southron Court Dress
; itm_cersei_style_4|Cerseis Court Dress
; itm_cersei_style_4_pl|Cerseis Court Dress
; itm_margaery_style_1|Southron Court Dress
; itm_margaery_style_1_pl|Southron Court Dress
; itm_margaery_style_2|Southron Court Dress
; itm_margaery_style_2_pl|Southron Court Dress
; itm_margaery_style_3|Southron Court Dress
; itm_margaery_style_3_pl|Southron Court Dress
; itm_margaery_style_4|Margaerys Court Dress
; itm_margaery_style_4_pl|Margaerys Court Dress
; itm_margaery_style_5|Southron Court Dress
; itm_margaery_style_5_pl|Southron Court Dress
; itm_margaery_style_6|Southron Court Dress
; itm_margaery_style_6_pl|Southron Court Dress
; itm_broken_bottle|Broken Bottle
; itm_broken_bottle_pl|Broken Bottle
; itm_kuauik_norvoshi_style_1|Andal Noblemans Tunic
; itm_kuauik_norvoshi_style_1_pl|Andal Noblemans Tunic
; itm_kuauik_norvoshi_style_2|Andal Noblemans Tunic
; itm_kuauik_norvoshi_style_2_pl|Andal Noblemans Tunic
; itm_kuauik_norvoshi_style_3|Andal Noblemans Tunic
; itm_kuauik_norvoshi_style_3_pl|Andal Noblemans Tunic
; itm_kuauik_norvoshi_style_4|Andal Noblemans Tunic
; itm_kuauik_norvoshi_style_4_pl|Andal Noblemans Tunic
; itm_kuauik_norvoshi_style_5|Andal Noblemans Tunic
; itm_kuauik_norvoshi_style_5_pl|Andal Noblemans Tunic
; itm_kuauik_volantis_style_1|Rhoynar Noblemans Robe
; itm_kuauik_volantis_style_1_pl|Rhoynar Noblemans Robe
; itm_kuauik_volantis_style_2|Rhoynar Noblemans Robe
; itm_kuauik_volantis_style_2_pl|Rhoynar Noblemans Robe
; itm_kuauik_volantis_style_3|Rhoynar Noblemans Robe
; itm_kuauik_volantis_style_3_pl|Rhoynar Noblemans Robe
; itm_kuauik_volantis_style_4|Rhoynar Noblemans Robe
; itm_kuauik_volantis_style_4_pl|Rhoynar Noblemans Robe
; itm_kuauik_volantis_style_5|Rhoynar Noblemans Robe
; itm_kuauik_volantis_style_5_pl|Rhoynar Noblemans Robe
; itm_kuauik_vale_style_1|Vale Noblemans Tunic
; itm_kuauik_vale_style_1_pl|Vale Noblemans Tunic
; itm_kuauik_vale_style_2|Vale Noblemans Tunic
; itm_kuauik_vale_style_2_pl|Vale Noblemans Tunic
; itm_kuauik_mace_style_1|Southron Plain Noblemans Tunic
; itm_kuauik_mace_style_1_pl|Southron Plain Noblemans Tunic
; itm_kuauik_mace_style_2|Southron Plain Noblemans Tunic
; itm_kuauik_mace_style_2_pl|Southron Plain Noblemans Tunic
; itm_kuauik_mace_style_3|Southron Plain Noblemans Tunic
; itm_kuauik_mace_style_3_pl|Southron Plain Noblemans Tunic
; itm_kuauik_mace_style_4|Southron Plain Noblemans Tunic
; itm_kuauik_mace_style_4_pl|Southron Plain Noblemans Tunic
; itm_kuauik_loras_style_1|Southron Plain Noblemans Tunic
; itm_kuauik_loras_style_1_pl|Southron Plain Noblemans Tunic
; itm_kuauik_loras_style_2|Southron Plain Noblemans Tunic
; itm_kuauik_loras_style_2_pl|Southron Plain Noblemans Tunic
; itm_kuauik_loras_style_3|Southron Plain Noblemans Tunic
; itm_kuauik_loras_style_3_pl|Southron Plain Noblemans Tunic
; itm_kuauik_loras_style_4|Southron Plain Noblemans Tunic
; itm_kuauik_loras_style_4_pl|Southron Plain Noblemans Tunic
; itm_pentoshi_style_1|Southron Noblemans Tunic
; itm_pentoshi_style_1_pl|Southron Noblemans Tunic
; itm_pentoshi_style_2|Vale Noblemans Tunic
; itm_pentoshi_style_2_pl|Vale Noblemans Tunic
; itm_pentoshi_style_3|Reach Noblemans Tunic
; itm_pentoshi_style_3_pl|Reach Noblemans Tunic
; itm_pentoshi_style_4|Dornish Noblemans Tunic
; itm_pentoshi_style_4_pl|Dornish Noblemans Tunic
; itm_pentoshi_style_5|Southron Noblemans Tunic
; itm_pentoshi_style_5_pl|Southron Noblemans Tunic
; itm_pentoshi_style_6|Southron Noblemans Tunic
; itm_pentoshi_style_6_pl|Southron Noblemans Tunic
; itm_pentoshi_style_7|Reach Noblemans Tunic
; itm_pentoshi_style_7_pl|Reach Noblemans Tunic
; itm_kuauik_dornish_vest|Dornish Noblemans Tunic
; itm_kuauik_dornish_vest_pl|Dornish Noblemans Tunic
; itm_fat_wyman_style|Fat Noblemans Tunic
; itm_fat_wyman_style_pl|Fat Noblemans Tunic
; itm_fat_mace_style|Fat Noblemans Tunic
; itm_fat_mace_style_pl|Fat Noblemans Tunic
; itm_fat_illyrio_style|Fat Noblemans Tunic
; itm_fat_illyrio_style_pl|Fat Noblemans Tunic
; itm_fat_ryman_style|Fat Noblemans Tunic
; itm_fat_ryman_style_pl|Fat Noblemans Tunic
; itm_tyrion_tunic_2|Dornish Noblemans Tunic
; itm_tyrion_tunic_2_pl|Dornish Noblemans Tunic
; itm_tyrion_tunic_3|Vale Noblemans Tunic
; itm_tyrion_tunic_3_pl|Vale Noblemans Tunic
; itm_tyrion_tunic_4|Reach Noblemans Tunic
; itm_tyrion_tunic_4_pl|Reach Noblemans Tunic
; itm_tyrion_tunic_5|Southron Noblemans Tunic
; itm_tyrion_tunic_5_pl|Southron Noblemans Tunic
; itm_tyrion_tunic_6|Dornish Noblemans Tunic
; itm_tyrion_tunic_6_pl|Dornish Noblemans Tunic
; itm_tyrion_tunic_7|Stormlands Noblemans Tunic
; itm_tyrion_tunic_7_pl|Stormlands Noblemans Tunic
; itm_tyrion_tunic_8|Stormlands Noblemans Tunic
; itm_tyrion_tunic_8_pl|Stormlands Noblemans Tunic
; itm_westerlands_noble_1|Westerlands Noblemans Tunic
; itm_westerlands_noble_1_pl|Westerlands Noblemans Tunic
; itm_westerlands_noble_2|Westerlands Noblemans Tunic
; itm_westerlands_noble_2_pl|Westerlands Noblemans Tunic
; itm_westerlands_noble_3|Westerlands Noblemans Tunic
; itm_westerlands_noble_3_pl|Westerlands Noblemans Tunic
; itm_volantene_robe_style_1|Three Daughters Noblemans Tunic
; itm_volantene_robe_style_1_pl|Three Daughters Noblemans Tunic
; itm_volantene_robe_style_2|Three Daughters Noblemans Tunic
; itm_volantene_robe_style_2_pl|Three Daughters Noblemans Tunic
; itm_volantene_robe_style_3|Three Daughters Noblemans Tunic
; itm_volantene_robe_style_3_pl|Three Daughters Noblemans Tunic
; itm_kuauik_padded_leather|Leather Jerkin
; itm_kuauik_padded_leather_pl|Leather Jerkin
; itm_kuauik_peasant_1|Peasants Tunic
; itm_kuauik_peasant_1_pl|Peasants Tunic
; itm_kuauik_peasant_2|Peasants Tunic
; itm_kuauik_peasant_2_pl|Peasants Tunic
; itm_kuauik_studded_leather_1|Studded Leather Jerkin
; itm_kuauik_studded_leather_1_pl|Studded Leather Jerkin
; itm_kuauik_studded_leather_2|Studded Leather Jerkin
; itm_kuauik_studded_leather_2_pl|Studded Leather Jerkin
; itm_kuauik_welsh_archer_1|Studded Leather Jerkin
; itm_kuauik_welsh_archer_1_pl|Studded Leather Jerkin
; itm_kuauik_welsh_archer_2|Studded Leather Jerkin
; itm_kuauik_welsh_archer_2_pl|Studded Leather Jerkin
; itm_kuauik_leather_tunic|Leather Jerkin
; itm_kuauik_leather_tunic_pl|Leather Jerkin
; itm_kuauik_dornish_leather_tunic_1|Leather Jerkin
; itm_kuauik_dornish_leather_tunic_1_pl|Leather Jerkin
; itm_kuauik_dornish_leather_tunic_2|Leather Jerkin
; itm_kuauik_dornish_leather_tunic_2_pl|Leather Jerkin
; itm_kuauik_dornish_studded_leather|Studded Leather Jerkin
; itm_kuauik_dornish_studded_leather_pl|Studded Leather Jerkin
; itm_kuauik_dornish_chain_mail|Leather Jerkin
; itm_kuauik_dornish_chain_mail_pl|Leather Jerkin
; itm_kuauik_gambeson|Gambeson
; itm_kuauik_gambeson_pl|Gambeson
; itm_kuauik_bulgar_armor|Lamellar Armor
; itm_kuauik_bulgar_armor_pl|Lamellar Armor
; itm_kuauik_bulgar_leather_armor|Leather Jerkin
; itm_kuauik_bulgar_leather_armor_pl|Leather Jerkin
; itm_kuauik_byz_footman_1|Chain Mail Hauberk
; itm_kuauik_byz_footman_1_pl|Chain Mail Hauberk
; itm_kuauik_byz_footman_2|Chain Mail Hauberk
; itm_kuauik_byz_footman_2_pl|Chain Mail Hauberk
; itm_kuauik_byz_guard|Lamellar Armor
; itm_kuauik_byz_guard_pl|Lamellar Armor
; itm_kuauik_byz_leather|Leather Jerkin
; itm_kuauik_byz_leather_pl|Leather Jerkin
; itm_kuauik_padded_cloth|Chain Mail Hauberk
; itm_kuauik_padded_cloth_pl|Chain Mail Hauberk
; itm_kuauik_varangian_a|Lamellar Armor
; itm_kuauik_varangian_a_pl|Lamellar Armor
; itm_kuauik_norvos_guard|Leather Jerkin
; itm_kuauik_norvos_guard_pl|Leather Jerkin
; itm_kuauik_pentos_guard|Lamellar Armor
; itm_kuauik_pentos_guard_pl|Lamellar Armor
; itm_kuauik_volantis_guard|Lamellar Armor
; itm_kuauik_volantis_guard_pl|Lamellar Armor
; itm_kuauik_myr_guard|Lamellar Armor
; itm_kuauik_myr_guard_pl|Lamellar Armor
; itm_surcoat_braavosi|Surcoat over Mail
; itm_surcoat_braavosi_pl|Surcoat over Mail
; itm_surcoat_lorathi|Surcoat over Mail
; itm_surcoat_lorathi_pl|Surcoat over Mail
; itm_surcoat_tyrosh|Surcoat over Mail
; itm_surcoat_tyrosh_pl|Surcoat over Mail
; itm_surcoat_lys|Surcoat over Mail
; itm_surcoat_lys_pl|Surcoat over Mail
; itm_kuauik_surcoat_1|Surcoat over Mail
; itm_kuauik_surcoat_1_pl|Surcoat over Mail
; itm_kuauik_surcoat_2|Surcoat over Mail
; itm_kuauik_surcoat_2_pl|Surcoat over Mail
; itm_kuauik_surcoat_3|Surcoat over Mail
; itm_kuauik_surcoat_3_pl|Surcoat over Mail
; itm_kuauik_surcoat_4|Surcoat over Mail
; itm_kuauik_surcoat_4_pl|Surcoat over Mail
; itm_kuauik_surcoat_5|Surcoat over Mail
; itm_kuauik_surcoat_5_pl|Surcoat over Mail
; itm_kuauik_surcoat_6|Surcoat over Mail
; itm_kuauik_surcoat_6_pl|Surcoat over Mail
; itm_kuauik_surcoat_7|Surcoat over Mail
; itm_kuauik_surcoat_7_pl|Surcoat over Mail
; itm_kuauik_surcoat_8|Surcoat over Mail
; itm_kuauik_surcoat_8_pl|Surcoat over Mail
; itm_kuauik_surcoat_9|Surcoat over Mail
; itm_kuauik_surcoat_9_pl|Surcoat over Mail
; itm_kuauik_surcoat_10|Surcoat over Mail
; itm_kuauik_surcoat_10_pl|Surcoat over Mail
; itm_kuauik_surcoat_11|Surcoat over Mail
; itm_kuauik_surcoat_11_pl|Surcoat over Mail
; itm_tournament_yellow_surcoat|Surcoat over Mail
; itm_tournament_yellow_surcoat_pl|Surcoat over Mail
; itm_tournament_white_surcoat|Surcoat over Mail
; itm_tournament_white_surcoat_pl|Surcoat over Mail
; itm_tournament_red_surcoat|Surcoat over Mail
; itm_tournament_red_surcoat_pl|Surcoat over Mail
; itm_tournament_surcoat_blue|Surcoat over Mail
; itm_tournament_surcoat_blue_pl|Surcoat over Mail
; itm_tournament_shield_white|Heater Shield
; itm_tournament_shield_white_pl|Heater Shield
; itm_tournament_shield_red|Pavise
; itm_tournament_shield_red_pl|Pavise
; itm_tournament_shield_yellow|Kite Shield
; itm_tournament_shield_yellow_pl|Kite Shield
; itm_tournament_shield_blue|Heater Shield
; itm_tournament_shield_blue_pl|Heater Shield
; itm_tournament_helmet_white|Conical Helmet with Faceplate
; itm_tournament_helmet_white_pl|Conical Helmet with Faceplate
; itm_tournament_helmet_blue|Top Helmet with Faceplate
; itm_tournament_helmet_blue_pl|Top Helmet with Faceplate
; itm_tournament_helmet_red|Helmet with Faceplate
; itm_tournament_helmet_red_pl|Helmet with Faceplate
; itm_tournament_helmet_yellow|Top Helmet with Faceplate
; itm_tournament_helmet_yellow_pl|Top Helmet with Faceplate
; itm_tournament_sword|Blunt Tourney Arming Sword
; itm_tournament_sword_pl|Blunt Tourney Arming Sword
; itm_tournament_mace|Blunt Tourney War Mace
; itm_tournament_mace_pl|Blunt Tourney War Mace
; itm_tournament_greatsword|Blunt Tourney Great Sword
; itm_tournament_greatsword_pl|Blunt Tourney Great Sword
; itm_tournament_spear|Blunt War Hammer
; itm_tournament_spear_pl|Blunt War Hammer
; itm_tournament_halberd|Blunt Tourney Halberd
; itm_tournament_halberd_pl|Blunt Tourney Halberd
; itm_tournament_axe|Blunt Tourney Axe
; itm_tournament_axe_pl|Blunt Tourney Axe
; itm_tournament_gauntlets|Mail Gauntlets
; itm_tournament_gauntlets_pl|Mail Gauntlets
; itm_tournament_boots|Mail Boots
; itm_tournament_boots_pl|Mail Boots
; itm_stormlands_destrier|Destrier
; itm_stormlands_destrier_pl|Destrier
; itm_stormlands_hammer|War Hammer
; itm_stormlands_hammer_pl|War Hammer
; itm_brawl_senlac|Arming Sword
; itm_brawl_senlac_pl|Arming Sword
; itm_we_nor_axe_throw_light|Throwing Axes
; itm_we_nor_axe_throw_light_pl|Throwing Axes
; itm_we_nor_axe_throw_light_melee|Throwing Axe
; itm_we_nor_axe_throw_light_melee_pl|Throwing Axe
; itm_gold_cloak_grenade|Pot of Wildfire
; itm_gold_cloak_grenade_pl|Pot of Wildfire
; itm_player_grenade|Pot of Wildfire
; itm_player_grenade_pl|Pot of Wildfire
; itm_items_end|Items End
; itm_items_end_pl|Items End
